system,model,family,descriptor_count,mpi_ranks,median_microseconds_per_atom_step,minimum_microseconds_per_atom_step,maximum_microseconds_per_atom_step,repetitions,accuracy_model,auto_plan_required,auto_plan_path,auto_compiled_candidate_routes,auto_selected_block_routes,auto_selected_coupled_product_dags,auto_selected_scalar_power_routes,auto_selected_non_direct_routes,auto_resolution_status,tagged_auto_required,tagged_auto_selected_evaluator,tagged_auto_centers,tagged_auto_neighbors_per_center,tagged_auto_repeats,tagged_auto_direct_seconds,tagged_auto_generic_dag_seconds,tagged_auto_symmetric_power_seconds,tagged_auto_block_seconds,tagged_auto_calibration_seconds,timing_source,timing_source_sha256,curve_scope,ordinary_descriptor_count,tagged_descriptor_count,test_energy_rmse_eV_per_atom,test_force_rmse_eV_per_A,accuracy_source,accuracy_source_sha256,runtime_pair_style,pairpace_runtime_dependency,joint_kappa_lambda_component_selected,joint_kappa_lambda_component_indices,model_manifest,model_manifest_sha256,composite_manifest,composite_manifest_sha256,auto_plan_manifest,auto_plan_manifest_sha256,force_pareto,energy_pareto
Li,ace_60,pace_product,60,1,15.876851851851853,15.6804012345679,16.03780864197531,5,ace_60,False,,0,0,0,0,0,not_applicable,False,,0,0,0,0.0,0.0,0.0,0.0,0.0,ye3t-workflows/MLIP/mlearn_linear_cost_comparison/render_staging/three_way_pace_ye3t_auto_v3_20260921/raw/timing/Li/summary.csv,7e55b190c60569ef4480672f4accb58062b3dfaa9aee4c0d2282374005b705e9,full_clean_curve,60,0,0.0008332334207939826,0.01885004381794516,ye3t-workflows/MLIP/mlearn_linear_cost_comparison/render_staging/three_way_pace_ye3t_auto_v3_20260921/raw/accuracy/Li.csv,0c078dd4a0165dc62df6947e58a72c48b0d74fca3364b122f10d8f491cc633c3,pace_product,True,False,[],,,,,,,False,False
Li,ye3t_symmetric_60,ye3t_symmetric,60,1,6.539583333333334,6.291558641975309,6.696018518518518,5,ace_60,True,models/ace_60/ye3t_auto/manifest.json,46,0,0,0,0,resolved_all_direct,False,,0,0,0,0.0,0.0,0.0,0.0,0.0,ye3t-workflows/MLIP/mlearn_linear_cost_comparison/render_staging/three_way_pace_ye3t_auto_v3_20260921/raw/timing/Li/summary.csv,7e55b190c60569ef4480672f4accb58062b3dfaa9aee4c0d2282374005b705e9,full_clean_curve,60,0,0.0008332334207939826,0.01885004381794516,ye3t-workflows/MLIP/mlearn_linear_cost_comparison/render_staging/three_way_pace_ye3t_auto_v3_20260921/raw/accuracy/Li.csv,0c078dd4a0165dc62df6947e58a72c48b0d74fca3364b122f10d8f491cc633c3,ye3t,False,False,[],,,,,ye3t-ace/examples/publication/cost_comparison/Li/models/ace_60/ye3t_auto/manifest.json,6aba3409c4b9252d6f200a89c3824d95478ba3914b6ff212cb315bdf98c69870,True,True
Li,ye3t_tagged_60,ye3t_mixed,60,1,14.178888888888888,14.07412037037037,14.626157407407407,5,ye3t_tagged_60,False,,0,0,0,0,0,not_applicable,True,compiled_direct,128,16,11,0.000993403,0.000981797,0.001421441,0.001410845,0.057620268,ye3t-workflows/MLIP/mlearn_linear_cost_comparison/render_staging/three_way_pace_ye3t_auto_v3_20260921/raw/timing/Li/summary.csv,7e55b190c60569ef4480672f4accb58062b3dfaa9aee4c0d2282374005b705e9,full_clean_curve,15,45,0.001097459002042576,0.019607357682044895,ye3t-workflows/MLIP/mlearn_linear_cost_comparison/render_staging/three_way_pace_ye3t_auto_v3_20260921/raw/accuracy/Li.csv,0c078dd4a0165dc62df6947e58a72c48b0d74fca3364b122f10d8f491cc633c3,ye3t,False,True,[10],ye3t-ace/examples/publication/cost_comparison/Li/models/ye3t_tagged_60/model_manifest.json,d3a0da95de4fbf40dc3b3082618df9047c3c671f2d209e0adab8aa6eaf4adb97,ye3t-ace/examples/publication/cost_comparison/Li/models/ye3t_tagged_60/model.ye3t.json,7e0d5a13555ab902ea6175d1827e07c61d8188c125d75ead7dcdcaacf705c29d,,,False,False
Li,ace_127,pace_product,127,1,25.975,25.479320987654322,26.23611111111111,5,ace_127,False,,0,0,0,0,0,not_applicable,False,,0,0,0,0.0,0.0,0.0,0.0,0.0,ye3t-workflows/MLIP/mlearn_linear_cost_comparison/render_staging/three_way_pace_ye3t_auto_v3_20260921/raw/timing/Li/summary.csv,7e55b190c60569ef4480672f4accb58062b3dfaa9aee4c0d2282374005b705e9,full_clean_curve,127,0,0.000617192763496668,0.014624227168440022,ye3t-workflows/MLIP/mlearn_linear_cost_comparison/render_staging/three_way_pace_ye3t_auto_v3_20260921/raw/accuracy/Li.csv,0c078dd4a0165dc62df6947e58a72c48b0d74fca3364b122f10d8f491cc633c3,pace_product,True,False,[],,,,,,,False,False
Li,ye3t_symmetric_127,ye3t_symmetric,127,1,8.08314814814815,7.8687654320987654,8.362314814814814,5,ace_127,True,models/ace_127/ye3t_auto/manifest.json,107,0,0,0,0,resolved_all_direct,False,,0,0,0,0.0,0.0,0.0,0.0,0.0,ye3t-workflows/MLIP/mlearn_linear_cost_comparison/render_staging/three_way_pace_ye3t_auto_v3_20260921/raw/timing/Li/summary.csv,7e55b190c60569ef4480672f4accb58062b3dfaa9aee4c0d2282374005b705e9,full_clean_curve,127,0,0.000617192763496668,0.014624227168440022,ye3t-workflows/MLIP/mlearn_linear_cost_comparison/render_staging/three_way_pace_ye3t_auto_v3_20260921/raw/accuracy/Li.csv,0c078dd4a0165dc62df6947e58a72c48b0d74fca3364b122f10d8f491cc633c3,ye3t,False,False,[],,,,,ye3t-ace/examples/publication/cost_comparison/Li/models/ace_127/ye3t_auto/manifest.json,5993addd67be7dc9c49cc7084ebfb91f0c37e630af5965be434b0128fb80c3ef,True,True
Li,ye3t_tagged_127,ye3t_mixed,127,1,24.447376543209877,24.337808641975307,24.563271604938272,5,ye3t_tagged_127,False,,0,0,0,0,0,not_applicable,True,compiled_direct,128,16,11,0.001477772,0.001490648,0.001604447,0.001630237,0.07425498,ye3t-workflows/MLIP/mlearn_linear_cost_comparison/render_staging/three_way_pace_ye3t_auto_v3_20260921/raw/timing/Li/summary.csv,7e55b190c60569ef4480672f4accb58062b3dfaa9aee4c0d2282374005b705e9,full_clean_curve,59,68,0.000672746075452412,0.014112012883636317,ye3t-workflows/MLIP/mlearn_linear_cost_comparison/render_staging/three_way_pace_ye3t_auto_v3_20260921/raw/accuracy/Li.csv,0c078dd4a0165dc62df6947e58a72c48b0d74fca3364b122f10d8f491cc633c3,ye3t,False,True,[10],ye3t-ace/examples/publication/cost_comparison/Li/models/ye3t_tagged_127/model_manifest.json,96f623fe9782bd244eb2085c3b7f1a00c1cc2904f55cff21d64fb7fddf172bbd,ye3t-ace/examples/publication/cost_comparison/Li/models/ye3t_tagged_127/model.ye3t.json,73a1745015cc124e52491e9d45d7962204697705c0aab97053a24b866ab9cddc,,,True,False
Li,ace_149,pace_product,149,1,42.360802469135805,41.92654320987654,43.099382716049384,5,ace_149,False,,0,0,0,0,0,not_applicable,False,,0,0,0,0.0,0.0,0.0,0.0,0.0,ye3t-workflows/MLIP/mlearn_linear_cost_comparison/render_staging/three_way_pace_ye3t_auto_v3_20260921/raw/timing/Li/summary.csv,7e55b190c60569ef4480672f4accb58062b3dfaa9aee4c0d2282374005b705e9,full_clean_curve,149,0,0.0005606587601779269,0.014737669287370274,ye3t-workflows/MLIP/mlearn_linear_cost_comparison/render_staging/three_way_pace_ye3t_auto_v3_20260921/raw/accuracy/Li.csv,0c078dd4a0165dc62df6947e58a72c48b0d74fca3364b122f10d8f491cc633c3,pace_product,True,False,[],,,,,,,False,False
Li,ye3t_symmetric_149,ye3t_symmetric,149,1,8.838148148148148,8.658657407407407,9.061666666666667,5,ace_149,True,models/ace_149/ye3t_auto/manifest.json,129,0,0,0,0,resolved_all_direct,False,,0,0,0,0.0,0.0,0.0,0.0,0.0,ye3t-workflows/MLIP/mlearn_linear_cost_comparison/render_staging/three_way_pace_ye3t_auto_v3_20260921/raw/timing/Li/summary.csv,7e55b190c60569ef4480672f4accb58062b3dfaa9aee4c0d2282374005b705e9,full_clean_curve,149,0,0.0005606587601779269,0.014737669287370274,ye3t-workflows/MLIP/mlearn_linear_cost_comparison/render_staging/three_way_pace_ye3t_auto_v3_20260921/raw/accuracy/Li.csv,0c078dd4a0165dc62df6947e58a72c48b0d74fca3364b122f10d8f491cc633c3,ye3t,False,False,[],,,,,ye3t-ace/examples/publication/cost_comparison/Li/models/ace_149/ye3t_auto/manifest.json,c5942c435228e600e1cc0d5a425b335dd35ecf211bddfa31f0ea271afa423d1a,False,True
Li,ye3t_tagged_149,ye3t_mixed,149,1,26.53966049382716,26.247222222222224,26.679012345679013,5,ye3t_tagged_149,False,,0,0,0,0,0,not_applicable,True,compiled_direct,128,16,11,0.001475149,0.001471469,0.001651117,0.001668294,0.075448788,ye3t-workflows/MLIP/mlearn_linear_cost_comparison/render_staging/three_way_pace_ye3t_auto_v3_20260921/raw/timing/Li/summary.csv,7e55b190c60569ef4480672f4accb58062b3dfaa9aee4c0d2282374005b705e9,full_clean_curve,81,68,0.0006091445991598926,0.012682920844178614,ye3t-workflows/MLIP/mlearn_linear_cost_comparison/render_staging/three_way_pace_ye3t_auto_v3_20260921/raw/accuracy/Li.csv,0c078dd4a0165dc62df6947e58a72c48b0d74fca3364b122f10d8f491cc633c3,ye3t,False,True,[10],ye3t-ace/examples/publication/cost_comparison/Li/models/ye3t_tagged_149/model_manifest.json,dd668c2d297d097ba69ab6ae8319d0c9377f775dd01af6655f4f8c2a47613c3e,ye3t-ace/examples/publication/cost_comparison/Li/models/ye3t_tagged_149/model.ye3t.json,16fb3990ac1523466b2b91dc0e469e2c7cb33677bceec80257b9566ded238e29,,,True,False
Mo,ace_60,pace_product,60,1,16.143672839506173,15.715740740740742,16.38888888888889,5,ace_60,False,,0,0,0,0,0,not_applicable,False,,0,0,0,0.0,0.0,0.0,0.0,0.0,ye3t-workflows/MLIP/mlearn_linear_cost_comparison/render_staging/three_way_pace_ye3t_auto_v3_20260921/raw/timing/Mo/summary.csv,78cbee58c69c42270cae6989f594542ddaad1903fad53d7af69ececb1029c174,full_clean_curve,60,0,0.0123686778509606,0.3748872132078415,ye3t-workflows/MLIP/mlearn_linear_cost_comparison/render_staging/three_way_pace_ye3t_auto_v3_20260921/raw/accuracy/Mo.csv,a6077d583e798a9822ea6f5bb3e1ac05fb93543227bed371c148626e458eeb85,pace_product,True,False,[],,,,,,,False,False
Mo,ye3t_symmetric_60,ye3t_symmetric,60,1,6.688487654320988,6.5885339506172835,6.779691358024691,5,ace_60,True,models/ace_60/ye3t_auto/manifest.json,46,0,0,0,0,resolved_all_direct,False,,0,0,0,0.0,0.0,0.0,0.0,0.0,ye3t-workflows/MLIP/mlearn_linear_cost_comparison/render_staging/three_way_pace_ye3t_auto_v3_20260921/raw/timing/Mo/summary.csv,78cbee58c69c42270cae6989f594542ddaad1903fad53d7af69ececb1029c174,full_clean_curve,60,0,0.0123686778509606,0.3748872132078415,ye3t-workflows/MLIP/mlearn_linear_cost_comparison/render_staging/three_way_pace_ye3t_auto_v3_20260921/raw/accuracy/Mo.csv,a6077d583e798a9822ea6f5bb3e1ac05fb93543227bed371c148626e458eeb85,ye3t,False,False,[],,,,,ye3t-ace/examples/publication/cost_comparison/Mo/models/ace_60/ye3t_auto/manifest.json,d6115645e91aa131da1e284cf1faada14cec4c64d697a7c0ca099d05a6a84045,True,True
Mo,ye3t_tagged_60,ye3t_mixed,60,1,14.437160493827161,14.135771604938272,14.507469135802468,5,ye3t_tagged_60,False,,0,0,0,0,0,not_applicable,True,compiled_direct,128,16,11,0.000980423,0.000975527,0.001428213,0.001429103,0.058582628,ye3t-workflows/MLIP/mlearn_linear_cost_comparison/render_staging/three_way_pace_ye3t_auto_v3_20260921/raw/timing/Mo/summary.csv,78cbee58c69c42270cae6989f594542ddaad1903fad53d7af69ececb1029c174,full_clean_curve,15,45,0.009907146778503047,0.2708158008025376,ye3t-workflows/MLIP/mlearn_linear_cost_comparison/render_staging/three_way_pace_ye3t_auto_v3_20260921/raw/accuracy/Mo.csv,a6077d583e798a9822ea6f5bb3e1ac05fb93543227bed371c148626e458eeb85,ye3t,False,True,[10],ye3t-ace/examples/publication/cost_comparison/Mo/models/ye3t_tagged_60/model_manifest.json,029ccbc3cc47124f629c5c410f53afb70251de94ef77d38d3eb52ddb9ca18417,ye3t-ace/examples/publication/cost_comparison/Mo/models/ye3t_tagged_60/model.ye3t.json,ca2ead2e67062343c704e052e5b7927c4a52b78a61003bc3bef927fba4c42e34,,,True,False
Mo,ace_127,pace_product,127,1,26.40354938271605,25.875,26.458796296296295,5,ace_127,False,,0,0,0,0,0,not_applicable,False,,0,0,0,0.0,0.0,0.0,0.0,0.0,ye3t-workflows/MLIP/mlearn_linear_cost_comparison/render_staging/three_way_pace_ye3t_auto_v3_20260921/raw/timing/Mo/summary.csv,78cbee58c69c42270cae6989f594542ddaad1903fad53d7af69ececb1029c174,full_clean_curve,127,0,0.007749949450404442,0.3109618226498542,ye3t-workflows/MLIP/mlearn_linear_cost_comparison/render_staging/three_way_pace_ye3t_auto_v3_20260921/raw/accuracy/Mo.csv,a6077d583e798a9822ea6f5bb3e1ac05fb93543227bed371c148626e458eeb85,pace_product,True,False,[],,,,,,,False,False
Mo,ye3t_symmetric_127,ye3t_symmetric,127,1,8.01614197530864,7.9275,8.364367283950617,5,ace_127,True,models/ace_127/ye3t_auto/manifest.json,107,0,0,0,0,resolved_all_direct,False,,0,0,0,0.0,0.0,0.0,0.0,0.0,ye3t-workflows/MLIP/mlearn_linear_cost_comparison/render_staging/three_way_pace_ye3t_auto_v3_20260921/raw/timing/Mo/summary.csv,78cbee58c69c42270cae6989f594542ddaad1903fad53d7af69ececb1029c174,full_clean_curve,127,0,0.007749949450404442,0.3109618226498542,ye3t-workflows/MLIP/mlearn_linear_cost_comparison/render_staging/three_way_pace_ye3t_auto_v3_20260921/raw/accuracy/Mo.csv,a6077d583e798a9822ea6f5bb3e1ac05fb93543227bed371c148626e458eeb85,ye3t,False,False,[],,,,,ye3t-ace/examples/publication/cost_comparison/Mo/models/ace_127/ye3t_auto/manifest.json,821800ec1d9a178ba48ca068fd8b8933a8fdbf5b6329f596dcfe852daf656332,True,True
Mo,ye3t_tagged_127,ye3t_mixed,127,1,24.96172839506173,24.617592592592594,25.2179012345679,5,ye3t_tagged_127,False,,0,0,0,0,0,not_applicable,True,compiled_direct,128,16,11,0.001514972,0.001484181,0.001613041,0.00166639,0.075586942,ye3t-workflows/MLIP/mlearn_linear_cost_comparison/render_staging/three_way_pace_ye3t_auto_v3_20260921/raw/timing/Mo/summary.csv,78cbee58c69c42270cae6989f594542ddaad1903fad53d7af69ececb1029c174,full_clean_curve,59,68,0.00893208580080532,0.2780286744226398,ye3t-workflows/MLIP/mlearn_linear_cost_comparison/render_staging/three_way_pace_ye3t_auto_v3_20260921/raw/accuracy/Mo.csv,a6077d583e798a9822ea6f5bb3e1ac05fb93543227bed371c148626e458eeb85,ye3t,False,True,[10],ye3t-ace/examples/publication/cost_comparison/Mo/models/ye3t_tagged_127/model_manifest.json,3e4a164ac2531b0c45933ee376eae1c348ab4334156f2dc3a301ca3d63f64bf3,ye3t-ace/examples/publication/cost_comparison/Mo/models/ye3t_tagged_127/model.ye3t.json,b93f9362dad0c3c0dad72d2561e1534ed3e1c40459bb1f62cf5cc61bc3198c9b,,,False,False
Mo,ace_149,pace_product,149,1,42.73132716049383,42.18472222222222,43.58348765432099,5,ace_149,False,,0,0,0,0,0,not_applicable,False,,0,0,0,0.0,0.0,0.0,0.0,0.0,ye3t-workflows/MLIP/mlearn_linear_cost_comparison/render_staging/three_way_pace_ye3t_auto_v3_20260921/raw/timing/Mo/summary.csv,78cbee58c69c42270cae6989f594542ddaad1903fad53d7af69ececb1029c174,full_clean_curve,149,0,0.008011608530064086,0.30486078674586636,ye3t-workflows/MLIP/mlearn_linear_cost_comparison/render_staging/three_way_pace_ye3t_auto_v3_20260921/raw/accuracy/Mo.csv,a6077d583e798a9822ea6f5bb3e1ac05fb93543227bed371c148626e458eeb85,pace_product,True,False,[],,,,,,,False,False
Mo,ye3t_symmetric_149,ye3t_symmetric,149,1,8.924861111111111,8.7,9.03070987654321,5,ace_149,True,models/ace_149/ye3t_auto/manifest.json,129,0,0,0,0,resolved_all_direct,False,,0,0,0,0.0,0.0,0.0,0.0,0.0,ye3t-workflows/MLIP/mlearn_linear_cost_comparison/render_staging/three_way_pace_ye3t_auto_v3_20260921/raw/timing/Mo/summary.csv,78cbee58c69c42270cae6989f594542ddaad1903fad53d7af69ececb1029c174,full_clean_curve,149,0,0.008011608530064086,0.30486078674586636,ye3t-workflows/MLIP/mlearn_linear_cost_comparison/render_staging/three_way_pace_ye3t_auto_v3_20260921/raw/accuracy/Mo.csv,a6077d583e798a9822ea6f5bb3e1ac05fb93543227bed371c148626e458eeb85,ye3t,False,False,[],,,,,ye3t-ace/examples/publication/cost_comparison/Mo/models/ace_149/ye3t_auto/manifest.json,12d2fed25813395fc016c55a3e1cc5572cc62106d51a867d9930ca32f8038f14,True,False
Mo,ye3t_tagged_149,ye3t_mixed,149,1,26.82716049382716,26.29320987654321,28.23179012345679,5,ye3t_tagged_149,False,,0,0,0,0,0,not_applicable,True,compiled_direct,128,16,11,0.001494829,0.001462781,0.001660862,0.001678119,0.076470497,ye3t-workflows/MLIP/mlearn_linear_cost_comparison/render_staging/three_way_pace_ye3t_auto_v3_20260921/raw/timing/Mo/summary.csv,78cbee58c69c42270cae6989f594542ddaad1903fad53d7af69ececb1029c174,full_clean_curve,81,68,0.007234056970664337,0.243758869185465,ye3t-workflows/MLIP/mlearn_linear_cost_comparison/render_staging/three_way_pace_ye3t_auto_v3_20260921/raw/accuracy/Mo.csv,a6077d583e798a9822ea6f5bb3e1ac05fb93543227bed371c148626e458eeb85,ye3t,False,True,[10],ye3t-ace/examples/publication/cost_comparison/Mo/models/ye3t_tagged_149/model_manifest.json,78180d0db56abb776fa6b955b57bd5270450ac6af885206f5fb282e5535a5ebb,ye3t-ace/examples/publication/cost_comparison/Mo/models/ye3t_tagged_149/model.ye3t.json,c19cc09237eed0ddb296a20fe0331e2eedd8b60bbb4042fbf413d5800af87e18,,,True,True
Cu,ace_60,pace_product,60,1,21.80378086419753,21.544753086419753,22.40054012345679,5,ace_60,False,,0,0,0,0,0,not_applicable,False,,0,0,0,0.0,0.0,0.0,0.0,0.0,ye3t-workflows/MLIP/mlearn_linear_cost_comparison/render_staging/three_way_pace_ye3t_auto_v3_20260921/raw/timing/Cu/summary.csv,11769072b0d4322ee43a7740d13f01e8e5177172d589e9ac338d64e97bfbb384,full_clean_curve,60,0,0.0020059689167822824,0.1413002732016536,ye3t-workflows/MLIP/mlearn_linear_cost_comparison/render_staging/three_way_pace_ye3t_auto_v3_20260921/raw/accuracy/Cu.csv,78c4e502d7efe0d493e5766725c30238ed648bfda0514ea13f75cfe5ce354b04,pace_product,True,False,[],,,,,,,False,False
Cu,ye3t_symmetric_60,ye3t_symmetric,60,1,10.055015432098765,9.810262345679012,10.213348765432098,5,ace_60,True,models/ace_60/ye3t_auto/manifest.json,46,0,0,0,0,resolved_all_direct,False,,0,0,0,0.0,0.0,0.0,0.0,0.0,ye3t-workflows/MLIP/mlearn_linear_cost_comparison/render_staging/three_way_pace_ye3t_auto_v3_20260921/raw/timing/Cu/summary.csv,11769072b0d4322ee43a7740d13f01e8e5177172d589e9ac338d64e97bfbb384,full_clean_curve,60,0,0.0020059689167822824,0.1413002732016536,ye3t-workflows/MLIP/mlearn_linear_cost_comparison/render_staging/three_way_pace_ye3t_auto_v3_20260921/raw/accuracy/Cu.csv,78c4e502d7efe0d493e5766725c30238ed648bfda0514ea13f75cfe5ce354b04,ye3t,False,False,[],,,,,ye3t-ace/examples/publication/cost_comparison/Cu/models/ace_60/ye3t_auto/manifest.json,8d1a38505f9f05e70fd6fd5da2a2ce54fa8bf9c374e963393162bfa5e287b91a,True,True
Cu,ye3t_tagged_60,ye3t_mixed,60,1,21.888194444444444,21.407716049382717,22.349691358024693,5,ye3t_tagged_60,False,,0,0,0,0,0,not_applicable,True,compiled_direct,128,16,11,0.00097142,0.000965522,0.001425618,0.001429008,0.059236627,ye3t-workflows/MLIP/mlearn_linear_cost_comparison/render_staging/three_way_pace_ye3t_auto_v3_20260921/raw/timing/Cu/summary.csv,11769072b0d4322ee43a7740d13f01e8e5177172d589e9ac338d64e97bfbb384,full_clean_curve,15,45,0.0008740201926612987,0.029902403318604217,ye3t-workflows/MLIP/mlearn_linear_cost_comparison/render_staging/three_way_pace_ye3t_auto_v3_20260921/raw/accuracy/Cu.csv,78c4e502d7efe0d493e5766725c30238ed648bfda0514ea13f75cfe5ce354b04,ye3t,False,True,[10],ye3t-ace/examples/publication/cost_comparison/Cu/models/ye3t_tagged_60/model_manifest.json,f27c808c66bdb87523e1cbfbb5d58516c79f9e7b8637f25bf2ef9b4e5bc93ede,ye3t-ace/examples/publication/cost_comparison/Cu/models/ye3t_tagged_60/model.ye3t.json,ca368caeb82a72b4846cbe28dc184215253e279403842ac509712363de07b21b,,,True,True
Cu,ace_127,pace_product,127,1,32.50848765432099,31.946373456790123,33.17106481481481,5,ace_127,False,,0,0,0,0,0,not_applicable,False,,0,0,0,0.0,0.0,0.0,0.0,0.0,ye3t-workflows/MLIP/mlearn_linear_cost_comparison/render_staging/three_way_pace_ye3t_auto_v3_20260921/raw/timing/Cu/summary.csv,11769072b0d4322ee43a7740d13f01e8e5177172d589e9ac338d64e97bfbb384,full_clean_curve,127,0,0.0018724892492468532,0.0885104833467845,ye3t-workflows/MLIP/mlearn_linear_cost_comparison/render_staging/three_way_pace_ye3t_auto_v3_20260921/raw/accuracy/Cu.csv,78c4e502d7efe0d493e5766725c30238ed648bfda0514ea13f75cfe5ce354b04,pace_product,True,False,[],,,,,,,False,False
Cu,ye3t_symmetric_127,ye3t_symmetric,127,1,12.083101851851852,11.896141975308643,12.145524691358025,5,ace_127,True,models/ace_127/ye3t_auto/manifest.json,107,0,0,0,0,resolved_all_direct,False,,0,0,0,0.0,0.0,0.0,0.0,0.0,ye3t-workflows/MLIP/mlearn_linear_cost_comparison/render_staging/three_way_pace_ye3t_auto_v3_20260921/raw/timing/Cu/summary.csv,11769072b0d4322ee43a7740d13f01e8e5177172d589e9ac338d64e97bfbb384,full_clean_curve,127,0,0.0018724892492468532,0.0885104833467845,ye3t-workflows/MLIP/mlearn_linear_cost_comparison/render_staging/three_way_pace_ye3t_auto_v3_20260921/raw/accuracy/Cu.csv,78c4e502d7efe0d493e5766725c30238ed648bfda0514ea13f75cfe5ce354b04,ye3t,False,False,[],,,,,ye3t-ace/examples/publication/cost_comparison/Cu/models/ace_127/ye3t_auto/manifest.json,624a022b5e8f548cb5dafd9cb702ce68e0f7a517c29a9c32e2116c1491afdb16,True,True
Cu,ye3t_tagged_127,ye3t_mixed,127,1,35.3866512345679,34.971296296296295,35.94683641975308,5,ye3t_tagged_127,False,,0,0,0,0,0,not_applicable,True,compiled_direct,128,16,11,0.001459855,0.001446096,0.001663839,0.001630121,0.075366516,ye3t-workflows/MLIP/mlearn_linear_cost_comparison/render_staging/three_way_pace_ye3t_auto_v3_20260921/raw/timing/Cu/summary.csv,11769072b0d4322ee43a7740d13f01e8e5177172d589e9ac338d64e97bfbb384,full_clean_curve,59,68,0.0004831904497810504,0.02161863119365128,ye3t-workflows/MLIP/mlearn_linear_cost_comparison/render_staging/three_way_pace_ye3t_auto_v3_20260921/raw/accuracy/Cu.csv,78c4e502d7efe0d493e5766725c30238ed648bfda0514ea13f75cfe5ce354b04,ye3t,False,True,[10],ye3t-ace/examples/publication/cost_comparison/Cu/models/ye3t_tagged_127/model_manifest.json,151077a2f0a03110bc5167ea2906d431ecb856b8443af45833b16750a1845703,ye3t-ace/examples/publication/cost_comparison/Cu/models/ye3t_tagged_127/model.ye3t.json,b77ece4b85fe6e3002bd9253d89f62fc923830556149a1c352cd3e0240b4f6e5,,,True,True
Cu,ace_149,pace_product,149,1,49.74375,49.09467592592593,50.522145061728395,5,ace_149,False,,0,0,0,0,0,not_applicable,False,,0,0,0,0.0,0.0,0.0,0.0,0.0,ye3t-workflows/MLIP/mlearn_linear_cost_comparison/render_staging/three_way_pace_ye3t_auto_v3_20260921/raw/timing/Cu/summary.csv,11769072b0d4322ee43a7740d13f01e8e5177172d589e9ac338d64e97bfbb384,full_clean_curve,149,0,0.0016824214785180385,0.0894436537802266,ye3t-workflows/MLIP/mlearn_linear_cost_comparison/render_staging/three_way_pace_ye3t_auto_v3_20260921/raw/accuracy/Cu.csv,78c4e502d7efe0d493e5766725c30238ed648bfda0514ea13f75cfe5ce354b04,pace_product,True,False,[],,,,,,,False,False
Cu,ye3t_symmetric_149,ye3t_symmetric,149,1,12.985262345679013,12.915663580246914,13.293364197530865,5,ace_149,True,models/ace_149/ye3t_auto/manifest.json,129,0,0,0,0,resolved_all_direct,False,,0,0,0,0.0,0.0,0.0,0.0,0.0,ye3t-workflows/MLIP/mlearn_linear_cost_comparison/render_staging/three_way_pace_ye3t_auto_v3_20260921/raw/timing/Cu/summary.csv,11769072b0d4322ee43a7740d13f01e8e5177172d589e9ac338d64e97bfbb384,full_clean_curve,149,0,0.0016824214785180385,0.0894436537802266,ye3t-workflows/MLIP/mlearn_linear_cost_comparison/render_staging/three_way_pace_ye3t_auto_v3_20260921/raw/accuracy/Cu.csv,78c4e502d7efe0d493e5766725c30238ed648bfda0514ea13f75cfe5ce354b04,ye3t,False,False,[],,,,,ye3t-ace/examples/publication/cost_comparison/Cu/models/ace_149/ye3t_auto/manifest.json,f063c6bed654237c4ba4e8bd908ef4b2d4c1e09366c563001df37d79484716a4,False,True
Cu,ye3t_tagged_149,ye3t_mixed,149,1,38.438966049382714,38.069212962962965,39.12808641975309,5,ye3t_tagged_149,False,,0,0,0,0,0,not_applicable,True,compiled_direct,128,16,11,0.001462304,0.001438564,0.00166473,0.001622907,0.075257133,ye3t-workflows/MLIP/mlearn_linear_cost_comparison/render_staging/three_way_pace_ye3t_auto_v3_20260921/raw/timing/Cu/summary.csv,11769072b0d4322ee43a7740d13f01e8e5177172d589e9ac338d64e97bfbb384,full_clean_curve,81,68,0.00034563914845142917,0.01877715808406692,ye3t-workflows/MLIP/mlearn_linear_cost_comparison/render_staging/three_way_pace_ye3t_auto_v3_20260921/raw/accuracy/Cu.csv,78c4e502d7efe0d493e5766725c30238ed648bfda0514ea13f75cfe5ce354b04,ye3t,False,True,[10],ye3t-ace/examples/publication/cost_comparison/Cu/models/ye3t_tagged_149/model_manifest.json,c51641537f7d7d3478feac905508149b8d22473e4a2e2b207365458f6c233306,ye3t-ace/examples/publication/cost_comparison/Cu/models/ye3t_tagged_149/model.ye3t.json,2f5d15aeb822349ae8a473d4437fc5997ddb725e3ca1ca78309c311bf81c657c,,,True,True
Ni,ace_60,pace_product,60,1,21.531172839506173,21.217438271604937,22.444367283950616,5,ace_60,False,,0,0,0,0,0,not_applicable,False,,0,0,0,0.0,0.0,0.0,0.0,0.0,ye3t-workflows/MLIP/mlearn_linear_cost_comparison/render_staging/three_way_pace_ye3t_auto_v3_20260921/raw/timing/Ni/summary.csv,62452651bf04fb85711707326e194d488bf4b8aad1edff0f8c3a5d0f0f33d91d,full_clean_curve,60,0,0.0032668876621836517,0.1534141115632657,ye3t-workflows/MLIP/mlearn_linear_cost_comparison/render_staging/three_way_pace_ye3t_auto_v3_20260921/raw/accuracy/Ni.csv,8333f40f04f55013641f0ca6077db80e27a3e595dfc3244f690aa5d52694a7d8,pace_product,True,False,[],,,,,,,False,False
Ni,ye3t_symmetric_60,ye3t_symmetric,60,1,9.944753086419754,9.843364197530864,10.296141975308641,5,ace_60,True,models/ace_60/ye3t_auto/manifest.json,46,0,0,0,0,resolved_all_direct,False,,0,0,0,0.0,0.0,0.0,0.0,0.0,ye3t-workflows/MLIP/mlearn_linear_cost_comparison/render_staging/three_way_pace_ye3t_auto_v3_20260921/raw/timing/Ni/summary.csv,62452651bf04fb85711707326e194d488bf4b8aad1edff0f8c3a5d0f0f33d91d,full_clean_curve,60,0,0.0032668876621836517,0.1534141115632657,ye3t-workflows/MLIP/mlearn_linear_cost_comparison/render_staging/three_way_pace_ye3t_auto_v3_20260921/raw/accuracy/Ni.csv,8333f40f04f55013641f0ca6077db80e27a3e595dfc3244f690aa5d52694a7d8,ye3t,False,False,[],,,,,ye3t-ace/examples/publication/cost_comparison/Ni/models/ace_60/ye3t_auto/manifest.json,0c0c0ab162d0a9dd1acd7de9dc169477fc8775861f6decbbf1c0ac9e2865757c,True,True
Ni,ye3t_tagged_60,ye3t_mixed,60,1,21.597916666666666,21.22422839506173,22.05956790123457,5,ye3t_tagged_60,False,,0,0,0,0,0,not_applicable,True,compiled_direct,128,16,11,0.000983636,0.000989407,0.001429977,0.001437462,0.058310392,ye3t-workflows/MLIP/mlearn_linear_cost_comparison/render_staging/three_way_pace_ye3t_auto_v3_20260921/raw/timing/Ni/summary.csv,62452651bf04fb85711707326e194d488bf4b8aad1edff0f8c3a5d0f0f33d91d,full_clean_curve,15,45,0.0009634976387666062,0.05873793966933046,ye3t-workflows/MLIP/mlearn_linear_cost_comparison/render_staging/three_way_pace_ye3t_auto_v3_20260921/raw/accuracy/Ni.csv,8333f40f04f55013641f0ca6077db80e27a3e595dfc3244f690aa5d52694a7d8,ye3t,False,True,[10],ye3t-ace/examples/publication/cost_comparison/Ni/models/ye3t_tagged_60/model_manifest.json,90aeed6f0add96c5e7ba93ce47aa5185106a10d827dd37c279591a3a538b789b,ye3t-ace/examples/publication/cost_comparison/Ni/models/ye3t_tagged_60/model.ye3t.json,cebb60d833eb40a6c03acfd41c347cedbaff5648d7f9fe72a35b65bc6b6fd7d8,,,True,True
Ni,ace_127,pace_product,127,1,32.46466049382716,32.24251543209876,32.78433641975309,5,ace_127,False,,0,0,0,0,0,not_applicable,False,,0,0,0,0.0,0.0,0.0,0.0,0.0,ye3t-workflows/MLIP/mlearn_linear_cost_comparison/render_staging/three_way_pace_ye3t_auto_v3_20260921/raw/timing/Ni/summary.csv,62452651bf04fb85711707326e194d488bf4b8aad1edff0f8c3a5d0f0f33d91d,full_clean_curve,127,0,0.001525826085883513,0.08973407155663327,ye3t-workflows/MLIP/mlearn_linear_cost_comparison/render_staging/three_way_pace_ye3t_auto_v3_20260921/raw/accuracy/Ni.csv,8333f40f04f55013641f0ca6077db80e27a3e595dfc3244f690aa5d52694a7d8,pace_product,True,False,[],,,,,,,False,False
Ni,ye3t_symmetric_127,ye3t_symmetric,127,1,12.114969135802468,11.834413580246913,12.338657407407407,5,ace_127,True,models/ace_127/ye3t_auto/manifest.json,107,0,0,0,0,resolved_all_direct,False,,0,0,0,0.0,0.0,0.0,0.0,0.0,ye3t-workflows/MLIP/mlearn_linear_cost_comparison/render_staging/three_way_pace_ye3t_auto_v3_20260921/raw/timing/Ni/summary.csv,62452651bf04fb85711707326e194d488bf4b8aad1edff0f8c3a5d0f0f33d91d,full_clean_curve,127,0,0.001525826085883513,0.08973407155663327,ye3t-workflows/MLIP/mlearn_linear_cost_comparison/render_staging/three_way_pace_ye3t_auto_v3_20260921/raw/accuracy/Ni.csv,8333f40f04f55013641f0ca6077db80e27a3e595dfc3244f690aa5d52694a7d8,ye3t,False,False,[],,,,,ye3t-ace/examples/publication/cost_comparison/Ni/models/ace_127/ye3t_auto/manifest.json,33658639c48f0f9dfb7a8901f6f91e1c333cfadd17e40a5e23a8b6c476bd8382,True,True
Ni,ye3t_tagged_127,ye3t_mixed,127,1,36.07631172839506,35.031404320987654,36.27716049382716,5,ye3t_tagged_127,False,,0,0,0,0,0,not_applicable,True,compiled_direct,128,16,11,0.001450076,0.001450348,0.001640677,0.001618811,0.074589128,ye3t-workflows/MLIP/mlearn_linear_cost_comparison/render_staging/three_way_pace_ye3t_auto_v3_20260921/raw/timing/Ni/summary.csv,62452651bf04fb85711707326e194d488bf4b8aad1edff0f8c3a5d0f0f33d91d,full_clean_curve,59,68,0.000677335989043971,0.039417595095869784,ye3t-workflows/MLIP/mlearn_linear_cost_comparison/render_staging/three_way_pace_ye3t_auto_v3_20260921/raw/accuracy/Ni.csv,8333f40f04f55013641f0ca6077db80e27a3e595dfc3244f690aa5d52694a7d8,ye3t,False,True,[10],ye3t-ace/examples/publication/cost_comparison/Ni/models/ye3t_tagged_127/model_manifest.json,19b1d1a617f299c740a080bcc70ab4dea25dbe36684055b075d960071ef55a50,ye3t-ace/examples/publication/cost_comparison/Ni/models/ye3t_tagged_127/model.ye3t.json,d5c780926a6202693db6bc41903aee8cd4b4b85f90606e5c0202df8f4dd4bbac,,,True,True
Ni,ace_149,pace_product,149,1,49.20625,48.90686728395062,50.730941358024694,5,ace_149,False,,0,0,0,0,0,not_applicable,False,,0,0,0,0.0,0.0,0.0,0.0,0.0,ye3t-workflows/MLIP/mlearn_linear_cost_comparison/render_staging/three_way_pace_ye3t_auto_v3_20260921/raw/timing/Ni/summary.csv,62452651bf04fb85711707326e194d488bf4b8aad1edff0f8c3a5d0f0f33d91d,full_clean_curve,149,0,0.0015503560391467326,0.08947807057063459,ye3t-workflows/MLIP/mlearn_linear_cost_comparison/render_staging/three_way_pace_ye3t_auto_v3_20260921/raw/accuracy/Ni.csv,8333f40f04f55013641f0ca6077db80e27a3e595dfc3244f690aa5d52694a7d8,pace_product,True,False,[],,,,,,,False,False
Ni,ye3t_symmetric_149,ye3t_symmetric,149,1,13.05625,12.683101851851852,13.385262345679012,5,ace_149,True,models/ace_149/ye3t_auto/manifest.json,129,0,0,0,0,resolved_all_direct,False,,0,0,0,0.0,0.0,0.0,0.0,0.0,ye3t-workflows/MLIP/mlearn_linear_cost_comparison/render_staging/three_way_pace_ye3t_auto_v3_20260921/raw/timing/Ni/summary.csv,62452651bf04fb85711707326e194d488bf4b8aad1edff0f8c3a5d0f0f33d91d,full_clean_curve,149,0,0.0015503560391467326,0.08947807057063459,ye3t-workflows/MLIP/mlearn_linear_cost_comparison/render_staging/three_way_pace_ye3t_auto_v3_20260921/raw/accuracy/Ni.csv,8333f40f04f55013641f0ca6077db80e27a3e595dfc3244f690aa5d52694a7d8,ye3t,False,False,[],,,,,ye3t-ace/examples/publication/cost_comparison/Ni/models/ace_149/ye3t_auto/manifest.json,290d88bea461d1ac31c095becfe4ecd88fa9fd42b05f62829addebdea1fbe782,True,False
Ni,ye3t_tagged_149,ye3t_mixed,149,1,38.59845679012346,38.01118827160494,39.148842592592594,5,ye3t_tagged_149,False,,0,0,0,0,0,not_applicable,True,compiled_direct,128,16,11,0.001475584,0.001464288,0.001628623,0.001615647,0.074389218,ye3t-workflows/MLIP/mlearn_linear_cost_comparison/render_staging/three_way_pace_ye3t_auto_v3_20260921/raw/timing/Ni/summary.csv,62452651bf04fb85711707326e194d488bf4b8aad1edff0f8c3a5d0f0f33d91d,full_clean_curve,81,68,0.0006426788248613764,0.036318636669723785,ye3t-workflows/MLIP/mlearn_linear_cost_comparison/render_staging/three_way_pace_ye3t_auto_v3_20260921/raw/accuracy/Ni.csv,8333f40f04f55013641f0ca6077db80e27a3e595dfc3244f690aa5d52694a7d8,ye3t,False,True,[10],ye3t-ace/examples/publication/cost_comparison/Ni/models/ye3t_tagged_149/model_manifest.json,f1d95647d33a248f2e245ce0444b3a4bf15b706937aae4d4044dfaf54904c94b,ye3t-ace/examples/publication/cost_comparison/Ni/models/ye3t_tagged_149/model.ye3t.json,62ff7910a7a84972098f8cfba5044623089d64a9494b9a30ce2ca16726b14cce,,,True,True
Si,ace_60,pace_product,60,1,15.905879629629629,15.70375,16.061319444444443,5,ace_60,False,,0,0,0,0,0,not_applicable,False,,0,0,0,0.0,0.0,0.0,0.0,0.0,ye3t-workflows/MLIP/mlearn_linear_cost_comparison/render_staging/three_way_pace_ye3t_auto_v3_20260921/raw/timing/Si/summary.csv,18fd91d3dd9313a736eed4fa16142483f27571e34d34342d200aed70b379e16a,full_clean_curve,60,0,0.010210488349985253,0.20788755874214818,ye3t-workflows/MLIP/mlearn_linear_cost_comparison/render_staging/three_way_pace_ye3t_auto_v3_20260921/raw/accuracy/Si.csv,b6dcf855638d4bdf22bae912d24ebface3d1df49664d0225010db8ed544f9f2b,pace_product,True,False,[],,,,,,,False,False
Si,ye3t_symmetric_60,ye3t_symmetric,60,1,6.69199074074074,6.621018518518518,6.818796296296297,5,ace_60,True,models/ace_60/ye3t_auto/manifest.json,46,0,0,0,0,resolved_all_direct,False,,0,0,0,0.0,0.0,0.0,0.0,0.0,ye3t-workflows/MLIP/mlearn_linear_cost_comparison/render_staging/three_way_pace_ye3t_auto_v3_20260921/raw/timing/Si/summary.csv,18fd91d3dd9313a736eed4fa16142483f27571e34d34342d200aed70b379e16a,full_clean_curve,60,0,0.010210488349985253,0.20788755874214818,ye3t-workflows/MLIP/mlearn_linear_cost_comparison/render_staging/three_way_pace_ye3t_auto_v3_20260921/raw/accuracy/Si.csv,b6dcf855638d4bdf22bae912d24ebface3d1df49664d0225010db8ed544f9f2b,ye3t,False,False,[],,,,,ye3t-ace/examples/publication/cost_comparison/Si/models/ace_60/ye3t_auto/manifest.json,8c3569940b7bb727cfe6c7b8c379547df88ddf1d44208ed6b0bc6c8ba45dae96,True,True
Si,ye3t_tagged_60,ye3t_mixed,60,1,14.403703703703703,14.144907407407407,14.859745370370371,5,ye3t_tagged_60,False,,0,0,0,0,0,not_applicable,True,compiled_direct,128,16,11,0.000929696,0.000898143,0.001337812,0.001311488,0.054449733,ye3t-workflows/MLIP/mlearn_linear_cost_comparison/render_staging/three_way_pace_ye3t_auto_v3_20260921/raw/timing/Si/summary.csv,18fd91d3dd9313a736eed4fa16142483f27571e34d34342d200aed70b379e16a,full_clean_curve,15,45,0.008759056453990454,0.1879497018683974,ye3t-workflows/MLIP/mlearn_linear_cost_comparison/render_staging/three_way_pace_ye3t_auto_v3_20260921/raw/accuracy/Si.csv,b6dcf855638d4bdf22bae912d24ebface3d1df49664d0225010db8ed544f9f2b,ye3t,False,True,[10],ye3t-ace/examples/publication/cost_comparison/Si/models/ye3t_tagged_60/model_manifest.json,52d86d118efb45d4980773b0a7ad7e5b14fe07a7a871ee6b3e9d87a733706365,ye3t-ace/examples/publication/cost_comparison/Si/models/ye3t_tagged_60/model.ye3t.json,0a3650c5a25d3f643f9851544daed844cde88be8b8db356b0dff3b1393769629,,,False,False
Si,ace_127,pace_product,127,1,25.29050925925926,25.130092592592593,25.663425925925925,5,ace_127,False,,0,0,0,0,0,not_applicable,False,,0,0,0,0.0,0.0,0.0,0.0,0.0,ye3t-workflows/MLIP/mlearn_linear_cost_comparison/render_staging/three_way_pace_ye3t_auto_v3_20260921/raw/timing/Si/summary.csv,18fd91d3dd9313a736eed4fa16142483f27571e34d34342d200aed70b379e16a,full_clean_curve,127,0,0.005842259345804289,0.17912648205321105,ye3t-workflows/MLIP/mlearn_linear_cost_comparison/render_staging/three_way_pace_ye3t_auto_v3_20260921/raw/accuracy/Si.csv,b6dcf855638d4bdf22bae912d24ebface3d1df49664d0225010db8ed544f9f2b,pace_product,True,False,[],,,,,,,False,False
Si,ye3t_symmetric_127,ye3t_symmetric,127,1,8.195555555555556,7.965601851851852,8.265277777777778,5,ace_127,True,models/ace_127/ye3t_auto/manifest.json,107,0,0,0,0,resolved_all_direct,False,,0,0,0,0.0,0.0,0.0,0.0,0.0,ye3t-workflows/MLIP/mlearn_linear_cost_comparison/render_staging/three_way_pace_ye3t_auto_v3_20260921/raw/timing/Si/summary.csv,18fd91d3dd9313a736eed4fa16142483f27571e34d34342d200aed70b379e16a,full_clean_curve,127,0,0.005842259345804289,0.17912648205321105,ye3t-workflows/MLIP/mlearn_linear_cost_comparison/render_staging/three_way_pace_ye3t_auto_v3_20260921/raw/accuracy/Si.csv,b6dcf855638d4bdf22bae912d24ebface3d1df49664d0225010db8ed544f9f2b,ye3t,False,False,[],,,,,ye3t-ace/examples/publication/cost_comparison/Si/models/ace_127/ye3t_auto/manifest.json,8ae9034a35bf470a4d6f70a99ccb337efc39d6256ee13256352225b9b6c85f72,True,True
Si,ye3t_tagged_127,ye3t_mixed,127,1,24.025462962962962,23.55162037037037,24.384953703703705,5,ye3t_tagged_127,False,,0,0,0,0,0,not_applicable,True,compiled_direct,128,16,11,0.001408041,0.00136135,0.001541993,0.001550003,0.07140588,ye3t-workflows/MLIP/mlearn_linear_cost_comparison/render_staging/three_way_pace_ye3t_auto_v3_20260921/raw/timing/Si/summary.csv,18fd91d3dd9313a736eed4fa16142483f27571e34d34342d200aed70b379e16a,full_clean_curve,59,68,0.004542860621372626,0.15024658471996938,ye3t-workflows/MLIP/mlearn_linear_cost_comparison/render_staging/three_way_pace_ye3t_auto_v3_20260921/raw/accuracy/Si.csv,b6dcf855638d4bdf22bae912d24ebface3d1df49664d0225010db8ed544f9f2b,ye3t,False,True,[10],ye3t-ace/examples/publication/cost_comparison/Si/models/ye3t_tagged_127/model_manifest.json,9ae7b62cbeb911232970e9a9d155dfba1b5e147eb2f78de50852b260d96c8028,ye3t-ace/examples/publication/cost_comparison/Si/models/ye3t_tagged_127/model.ye3t.json,0e62c066ce12b9f066b4846810294b01fbde0947efbed4c0a0b5dd8672c27980,,,True,True
Si,ace_149,pace_product,149,1,41.053472222222226,40.705787037037034,41.66180555555555,5,ace_149,False,,0,0,0,0,0,not_applicable,False,,0,0,0,0.0,0.0,0.0,0.0,0.0,ye3t-workflows/MLIP/mlearn_linear_cost_comparison/render_staging/three_way_pace_ye3t_auto_v3_20260921/raw/timing/Si/summary.csv,18fd91d3dd9313a736eed4fa16142483f27571e34d34342d200aed70b379e16a,full_clean_curve,149,0,0.006034038529862649,0.17515281983263142,ye3t-workflows/MLIP/mlearn_linear_cost_comparison/render_staging/three_way_pace_ye3t_auto_v3_20260921/raw/accuracy/Si.csv,b6dcf855638d4bdf22bae912d24ebface3d1df49664d0225010db8ed544f9f2b,pace_product,True,False,[],,,,,,,False,False
Si,ye3t_symmetric_149,ye3t_symmetric,149,1,8.856064814814815,8.739328703703704,9.042708333333334,5,ace_149,True,models/ace_149/ye3t_auto/manifest.json,129,0,0,0,0,resolved_all_direct,False,,0,0,0,0.0,0.0,0.0,0.0,0.0,ye3t-workflows/MLIP/mlearn_linear_cost_comparison/render_staging/three_way_pace_ye3t_auto_v3_20260921/raw/timing/Si/summary.csv,18fd91d3dd9313a736eed4fa16142483f27571e34d34342d200aed70b379e16a,full_clean_curve,149,0,0.006034038529862649,0.17515281983263142,ye3t-workflows/MLIP/mlearn_linear_cost_comparison/render_staging/three_way_pace_ye3t_auto_v3_20260921/raw/accuracy/Si.csv,b6dcf855638d4bdf22bae912d24ebface3d1df49664d0225010db8ed544f9f2b,ye3t,False,False,[],,,,,ye3t-ace/examples/publication/cost_comparison/Si/models/ace_149/ye3t_auto/manifest.json,4a78597d30a0966c9f0665ab3bfe402fa9ed45529113521b92ed56f2859bcbbb,True,False
Si,ye3t_tagged_149,ye3t_mixed,149,1,25.659953703703703,25.526851851851852,26.034027777777776,5,ye3t_tagged_149,False,,0,0,0,0,0,not_applicable,True,compiled_direct,128,16,11,0.001318498,0.001323164,0.00149611,0.001495182,0.06840579,ye3t-workflows/MLIP/mlearn_linear_cost_comparison/render_staging/three_way_pace_ye3t_auto_v3_20260921/raw/timing/Si/summary.csv,18fd91d3dd9313a736eed4fa16142483f27571e34d34342d200aed70b379e16a,full_clean_curve,81,68,0.00518230144544494,0.14546643378839416,ye3t-workflows/MLIP/mlearn_linear_cost_comparison/render_staging/three_way_pace_ye3t_auto_v3_20260921/raw/accuracy/Si.csv,b6dcf855638d4bdf22bae912d24ebface3d1df49664d0225010db8ed544f9f2b,ye3t,False,True,[10],ye3t-ace/examples/publication/cost_comparison/Si/models/ye3t_tagged_149/model_manifest.json,68fdb0bf0f47e9e84c74a7b9b69ff916e9996a06a7de21586f8dfdd4dfff44d2,ye3t-ace/examples/publication/cost_comparison/Si/models/ye3t_tagged_149/model.ye3t.json,4c713b49220231f061559f3ab76661788721a1adee87d982e17d5f9c1266e690,,,True,False
Si,ye3t_augmented_196,ye3t_mixed_augmented,196,1,26.24375,25.554861111111112,26.622685185185187,5,ye3t_augmented_196,False,,0,0,0,0,0,not_applicable,True,compiled_direct,128,16,11,0.001345601,0.001342475,0.001478412,0.001448766,0.070183251,ye3t-workflows/MLIP/mlearn_linear_cost_comparison/render_staging/three_way_pace_ye3t_auto_v3_20260921/raw/timing/Si/summary.csv,18fd91d3dd9313a736eed4fa16142483f27571e34d34342d200aed70b379e16a,full_clean_curve,128,68,0.003937899001998232,0.14076369960319882,ye3t-workflows/MLIP/mlearn_linear_cost_comparison/render_staging/three_way_pace_ye3t_auto_v3_20260921/raw/accuracy/Si.csv,b6dcf855638d4bdf22bae912d24ebface3d1df49664d0225010db8ed544f9f2b,ye3t,False,True,[10],ye3t-ace/examples/publication/cost_comparison/Si/models/ye3t_augmented_196/model_manifest.json,46434257f8bd0dc786b84c7206ded4d37392f620002034f4efbf92df59c291f1,ye3t-ace/examples/publication/cost_comparison/Si/models/ye3t_augmented_196/model.ye3t.json,7faf0183ddf6459e000b7f8beff27c3e19b982a7510dc08d8ac6f193e4fbedff,,,True,True
Ge,ace_60,pace_product,60,1,16.386921296296297,16.214506172839506,17.2960262345679,5,ace_60,False,,0,0,0,0,0,not_applicable,False,,0,0,0,0.0,0.0,0.0,0.0,0.0,ye3t-workflows/MLIP/mlearn_linear_cost_comparison/render_staging/three_way_pace_ye3t_auto_v3_20260921/raw/timing/Ge/summary.csv,56fcc43406551b70fac203951b0938a805d8f907a15a369addf3bee43d613c17,full_clean_curve,60,0,0.005957723252318158,0.15354822294530632,ye3t-workflows/MLIP/mlearn_linear_cost_comparison/render_staging/three_way_pace_ye3t_auto_v3_20260921/raw/accuracy/Ge.csv,f1c3c1bfd44f02f43408f05ccf7ecba73090b2806bf0f6a91c951cccb31eb3e7,pace_product,True,False,[],,,,,,,False,False
Ge,ye3t_symmetric_60,ye3t_symmetric,60,1,6.830092592592592,6.7506558641975305,7.330362654320988,5,ace_60,True,models/ace_60/ye3t_auto/manifest.json,46,0,0,0,0,resolved_all_direct,False,,0,0,0,0.0,0.0,0.0,0.0,0.0,ye3t-workflows/MLIP/mlearn_linear_cost_comparison/render_staging/three_way_pace_ye3t_auto_v3_20260921/raw/timing/Ge/summary.csv,56fcc43406551b70fac203951b0938a805d8f907a15a369addf3bee43d613c17,full_clean_curve,60,0,0.005957723252318158,0.15354822294530632,ye3t-workflows/MLIP/mlearn_linear_cost_comparison/render_staging/three_way_pace_ye3t_auto_v3_20260921/raw/accuracy/Ge.csv,f1c3c1bfd44f02f43408f05ccf7ecba73090b2806bf0f6a91c951cccb31eb3e7,ye3t,False,False,[],,,,,ye3t-ace/examples/publication/cost_comparison/Ge/models/ace_60/ye3t_auto/manifest.json,cfe9e54828123f98985997f070f2079f780e325eed7e07e898afdc3e5e0a8dc7,True,True
Ge,ye3t_tagged_60,ye3t_mixed,60,1,14.78533950617284,14.532638888888888,15.791550925925923,5,ye3t_tagged_60,False,,0,0,0,0,0,not_applicable,True,compiled_direct,128,16,11,0.000969154,0.000969057,0.001401847,0.001402419,0.057104067,ye3t-workflows/MLIP/mlearn_linear_cost_comparison/render_staging/three_way_pace_ye3t_auto_v3_20260921/raw/timing/Ge/summary.csv,56fcc43406551b70fac203951b0938a805d8f907a15a369addf3bee43d613c17,full_clean_curve,15,45,0.0053633492166741716,0.13125267166862506,ye3t-workflows/MLIP/mlearn_linear_cost_comparison/render_staging/three_way_pace_ye3t_auto_v3_20260921/raw/accuracy/Ge.csv,f1c3c1bfd44f02f43408f05ccf7ecba73090b2806bf0f6a91c951cccb31eb3e7,ye3t,False,True,[10],ye3t-ace/examples/publication/cost_comparison/Ge/models/ye3t_tagged_60/model_manifest.json,c05bcd468f4310858ca75580d24ae65bf54aeac22869de7093f9ca7674f433d3,ye3t-ace/examples/publication/cost_comparison/Ge/models/ye3t_tagged_60/model.ye3t.json,8f31d4b4a5f1f31e1e2c55160ca4edae5327ea5c792e0e11649107361c083cef,,,False,False
Ge,ace_127,pace_product,127,1,26.788888888888888,25.864930555555556,27.95860339506173,5,ace_127,False,,0,0,0,0,0,not_applicable,False,,0,0,0,0.0,0.0,0.0,0.0,0.0,ye3t-workflows/MLIP/mlearn_linear_cost_comparison/render_staging/three_way_pace_ye3t_auto_v3_20260921/raw/timing/Ge/summary.csv,56fcc43406551b70fac203951b0938a805d8f907a15a369addf3bee43d613c17,full_clean_curve,127,0,0.003250629109208034,0.11670879541547001,ye3t-workflows/MLIP/mlearn_linear_cost_comparison/render_staging/three_way_pace_ye3t_auto_v3_20260921/raw/accuracy/Ge.csv,f1c3c1bfd44f02f43408f05ccf7ecba73090b2806bf0f6a91c951cccb31eb3e7,pace_product,True,False,[],,,,,,,False,False
Ge,ye3t_symmetric_127,ye3t_symmetric,127,1,8.644868827160494,8.043287037037038,8.850270061728395,5,ace_127,True,models/ace_127/ye3t_auto/manifest.json,107,0,0,0,0,resolved_all_direct,False,,0,0,0,0.0,0.0,0.0,0.0,0.0,ye3t-workflows/MLIP/mlearn_linear_cost_comparison/render_staging/three_way_pace_ye3t_auto_v3_20260921/raw/timing/Ge/summary.csv,56fcc43406551b70fac203951b0938a805d8f907a15a369addf3bee43d613c17,full_clean_curve,127,0,0.003250629109208034,0.11670879541547001,ye3t-workflows/MLIP/mlearn_linear_cost_comparison/render_staging/three_way_pace_ye3t_auto_v3_20260921/raw/accuracy/Ge.csv,f1c3c1bfd44f02f43408f05ccf7ecba73090b2806bf0f6a91c951cccb31eb3e7,ye3t,False,False,[],,,,,ye3t-ace/examples/publication/cost_comparison/Ge/models/ace_127/ye3t_auto/manifest.json,432e876210f778fd6db8365babd24bfbb128fd25c3b30b760d9a0a4d9364517d,True,True
Ge,ye3t_tagged_127,ye3t_mixed,127,1,25.06975308641975,24.728202160493826,26.152044753086418,5,ye3t_tagged_127,False,,0,0,0,0,0,not_applicable,True,compiled_direct,128,16,11,0.001486994,0.001458006,0.001607509,0.001632435,0.075706262,ye3t-workflows/MLIP/mlearn_linear_cost_comparison/render_staging/three_way_pace_ye3t_auto_v3_20260921/raw/timing/Ge/summary.csv,56fcc43406551b70fac203951b0938a805d8f907a15a369addf3bee43d613c17,full_clean_curve,59,68,0.003478223680031092,0.10115410065510652,ye3t-workflows/MLIP/mlearn_linear_cost_comparison/render_staging/three_way_pace_ye3t_auto_v3_20260921/raw/accuracy/Ge.csv,f1c3c1bfd44f02f43408f05ccf7ecba73090b2806bf0f6a91c951cccb31eb3e7,ye3t,False,True,[10],ye3t-ace/examples/publication/cost_comparison/Ge/models/ye3t_tagged_127/model_manifest.json,36f732f87eebf0f3ac8068130e90e327fc7cc4d3ef2cbf68378b40706ceadfb5,ye3t-ace/examples/publication/cost_comparison/Ge/models/ye3t_tagged_127/model.ye3t.json,d583b092ecea72a1e0503f0c2692766ecccdb64a355a1cac93048b41f5683ac0,,,True,False
Ge,ace_149,pace_product,149,1,42.62229938271605,42.52237654320987,43.907793209876544,5,ace_149,False,,0,0,0,0,0,not_applicable,False,,0,0,0,0.0,0.0,0.0,0.0,0.0,ye3t-workflows/MLIP/mlearn_linear_cost_comparison/render_staging/three_way_pace_ye3t_auto_v3_20260921/raw/timing/Ge/summary.csv,56fcc43406551b70fac203951b0938a805d8f907a15a369addf3bee43d613c17,full_clean_curve,149,0,0.003569305302772448,0.11546329727104584,ye3t-workflows/MLIP/mlearn_linear_cost_comparison/render_staging/three_way_pace_ye3t_auto_v3_20260921/raw/accuracy/Ge.csv,f1c3c1bfd44f02f43408f05ccf7ecba73090b2806bf0f6a91c951cccb31eb3e7,pace_product,True,False,[],,,,,,,False,False
Ge,ye3t_symmetric_149,ye3t_symmetric,149,1,9.208101851851852,9.028626543209876,9.393557098765433,5,ace_149,True,models/ace_149/ye3t_auto/manifest.json,129,0,0,0,0,resolved_all_direct,False,,0,0,0,0.0,0.0,0.0,0.0,0.0,ye3t-workflows/MLIP/mlearn_linear_cost_comparison/render_staging/three_way_pace_ye3t_auto_v3_20260921/raw/timing/Ge/summary.csv,56fcc43406551b70fac203951b0938a805d8f907a15a369addf3bee43d613c17,full_clean_curve,149,0,0.003569305302772448,0.11546329727104584,ye3t-workflows/MLIP/mlearn_linear_cost_comparison/render_staging/three_way_pace_ye3t_auto_v3_20260921/raw/accuracy/Ge.csv,f1c3c1bfd44f02f43408f05ccf7ecba73090b2806bf0f6a91c951cccb31eb3e7,ye3t,False,False,[],,,,,ye3t-ace/examples/publication/cost_comparison/Ge/models/ace_149/ye3t_auto/manifest.json,c6dc2d7c2b6999c84bc10138faac42a286eda41382369accb1a026b46ed1be22,True,False
Ge,ye3t_tagged_149,ye3t_mixed,149,1,26.742322530864197,26.144135802469137,28.099845679012347,5,ye3t_tagged_149,False,,0,0,0,0,0,not_applicable,True,compiled_direct,128,16,11,0.001387406,0.001408951,0.001582111,0.001560786,0.073266248,ye3t-workflows/MLIP/mlearn_linear_cost_comparison/render_staging/three_way_pace_ye3t_auto_v3_20260921/raw/timing/Ge/summary.csv,56fcc43406551b70fac203951b0938a805d8f907a15a369addf3bee43d613c17,full_clean_curve,81,68,0.005419831188976487,0.09788572385466124,ye3t-workflows/MLIP/mlearn_linear_cost_comparison/render_staging/three_way_pace_ye3t_auto_v3_20260921/raw/accuracy/Ge.csv,f1c3c1bfd44f02f43408f05ccf7ecba73090b2806bf0f6a91c951cccb31eb3e7,ye3t,False,True,[10],ye3t-ace/examples/publication/cost_comparison/Ge/models/ye3t_tagged_149/model_manifest.json,51198bf21c34ee84d478c5d6690baef2bc147af8f1753c9c7bf3625b54b066da,ye3t-ace/examples/publication/cost_comparison/Ge/models/ye3t_tagged_149/model.ye3t.json,0b4856b440313af17b70dde8fa59badbeb26d47ed5ae88b9ca79f521bed1710d,,,True,False
