system,model,label,group,descriptor_count,ordinary_descriptor_count,tagged_descriptor_count,energy_rmse_eV_per_atom,force_rmse_eV_per_A,frozen_outer_test,training_only_hyperparameter_selection,source,source_sha256
Cu,joint_kappa_lambda_removed_60,joint κ/Λ component removed,overall,60,15,45,0.000793884372677583,0.035017625631375435,True,True,raw/ablation/Cu_count_060_report.json,ec89896229697765ce19fb1c532872eb5e4c8694e73eba17f15926371e590e00
Cu,joint_kappa_lambda_removed_60,joint κ/Λ component removed,AIMD-NVT,60,15,45,0.0006801676648323381,0.05275850107965479,True,True,raw/ablation/Cu_count_060_report.json,ec89896229697765ce19fb1c532872eb5e4c8694e73eba17f15926371e590e00
Cu,joint_kappa_lambda_removed_60,joint κ/Λ component removed,Elastic,60,15,45,0.0009662930406267238,0.0001344079061697758,True,True,raw/ablation/Cu_count_060_report.json,ec89896229697765ce19fb1c532872eb5e4c8694e73eba17f15926371e590e00
Cu,joint_kappa_lambda_removed_60,joint κ/Λ component removed,Surface,60,15,45,0.0007142208037647325,0.021848669441504962,True,True,raw/ablation/Cu_count_060_report.json,ec89896229697765ce19fb1c532872eb5e4c8694e73eba17f15926371e590e00
Cu,joint_kappa_lambda_removed_60,joint κ/Λ component removed,Vacancy,60,15,45,0.00047473858384653085,0.024916390186972892,True,True,raw/ablation/Cu_count_060_report.json,ec89896229697765ce19fb1c532872eb5e4c8694e73eba17f15926371e590e00
Cu,joint_kappa_lambda_full_60,joint κ/Λ component included,overall,60,15,45,0.0008634298381096484,0.02990899260747979,True,True,raw/ablation/Cu_count_060_report.json,ec89896229697765ce19fb1c532872eb5e4c8694e73eba17f15926371e590e00
Cu,joint_kappa_lambda_full_60,joint κ/Λ component included,AIMD-NVT,60,15,45,0.0010434361693479328,0.04477011195182501,True,True,raw/ablation/Cu_count_060_report.json,ec89896229697765ce19fb1c532872eb5e4c8694e73eba17f15926371e590e00
Cu,joint_kappa_lambda_full_60,joint κ/Λ component included,Elastic,60,15,45,0.0007604419923037853,0.0001340222377392042,True,True,raw/ablation/Cu_count_060_report.json,ec89896229697765ce19fb1c532872eb5e4c8694e73eba17f15926371e590e00
Cu,joint_kappa_lambda_full_60,joint κ/Λ component included,Surface,60,15,45,0.0005431857841738597,0.031690812321785826,True,True,raw/ablation/Cu_count_060_report.json,ec89896229697765ce19fb1c532872eb5e4c8694e73eba17f15926371e590e00
Cu,joint_kappa_lambda_full_60,joint κ/Λ component included,Vacancy,60,15,45,0.00069794846487444,0.021343763978611967,True,True,raw/ablation/Cu_count_060_report.json,ec89896229697765ce19fb1c532872eb5e4c8694e73eba17f15926371e590e00
