component_index,tensor_order_N,n,l,block_sizes,independent_physical_image_coordinate_count,block_kappas,block_Lambdas,raw_compiler_label_count,joint_nontrivial_permutation_rotation_component,joint_raw_compiler_label_count
1,2,"[1, 1]","[0, 0]",[2],1,[[2]],[0],6,False,0
2,2,"[1, 2]","[0, 0]","[1, 1]",1,"[[1], [1]]","[0, 0]",9,False,0
3,3,"[1, 1, 1]","[0, 0, 0]",[3],2,[[3]],[0],10,False,0
4,3,"[1, 1, 2]","[2, 2, 2]","[2, 1]",3,"[[2], [1]]","[2, 2]",18,False,0
5,3,"[2, 2, 3]","[1, 1, 2]","[2, 1]",3,"[[2], [1]]","[2, 2]",18,False,0
6,4,"[1, 1, 1, 1]","[0, 0, 0, 0]",[4],4,[[4]],[0],15,False,0
7,4,"[1, 1, 1, 1]","[1, 1, 1, 1]",[4],6,"[[2, 2]]",[0],6,False,0
7,4,"[1, 1, 1, 1]","[1, 1, 1, 1]",[4],6,[[4]],[0],15,False,0
8,4,"[1, 1, 1, 1]","[0, 0, 1, 1]","[2, 2]",8,"[[2], [2]]","[0, 0]",36,False,0
9,4,"[1, 1, 1, 1]","[0, 0, 2, 2]","[2, 2]",8,"[[2], [2]]","[0, 0]",36,False,0
10,4,"[1, 2, 3, 3]","[1, 1, 1, 1]","[2, 1, 1]",24,"[[2], [1], [1]]","[0, 1, 1]",54,True,27
10,4,"[1, 2, 3, 3]","[1, 1, 1, 1]","[2, 1, 1]",24,"[[1, 1], [1], [1]]","[1, 1, 1]",27,True,27
10,4,"[1, 2, 3, 3]","[1, 1, 1, 1]","[2, 1, 1]",24,"[[2], [1], [1]]","[2, 1, 1]",54,True,27
11,6,"[1, 1, 1, 1, 1, 1]","[0, 0, 0, 0, 0, 0]",[6],9,[[6]],[0],28,False,0
