system,model,step,time_ps,temperature_K,potential_energy_eV,kinetic_energy_eV,total_energy_eV,pressure_bar,minimum_distance_A
Li,ye3t_tagged_127,0,0.0,399.10069142672614,-29.767747143520836,0.7738171986512832,-28.993929944869553,6372.521151510204,2.601743481675509
Li,ye3t_tagged_127,100,0.05,364.9123726565715,-29.701451598182402,0.707529393028237,-28.993922205154163,6663.371663514477,2.4976374315740872
Li,ye3t_tagged_127,200,0.1,348.97455096891093,-29.670563058274297,0.6766275158932697,-28.993935542381028,6002.212239125961,2.6135047462937577
Li,ye3t_tagged_127,300,0.15,429.0373068459706,-29.825812984709145,0.8318613673997948,-28.99395161730935,6341.644384875735,2.67103487240257
Li,ye3t_tagged_127,400,0.2,328.9579928497503,-29.6317542284189,0.6378173678200154,-28.993936860598883,6547.432743977594,2.591045785739804
Li,ye3t_tagged_127,500,0.25,509.0953813114503,-29.981053582591784,0.9870861421072253,-28.993967440484557,6558.693619140213,2.6965402660205173
Li,ye3t_tagged_127,600,0.3,281.04297819907043,-29.538853716299144,0.5449148416986552,-28.993938874600488,6555.720050563211,2.552295837862453
Li,ye3t_tagged_127,700,0.35000000000000003,453.62293020677293,-29.873483229219545,0.8795304860077853,-28.99395274321176,7148.551031335691,2.6599368675645296
Li,ye3t_tagged_127,800,0.4,406.23441151156976,-29.781599634260047,0.7876487840396277,-28.99395085022042,6856.888083364796,2.578947143650371
Li,ye3t_tagged_127,900,0.45,321.52249413244624,-29.617330201080932,0.6234006631848248,-28.993929537896108,6855.799623177262,2.598478220200431
Li,ye3t_tagged_127,1000,0.5,422.7318216096661,-29.81357763255498,0.8196356483606937,-28.993941984194286,6098.017897453092,2.5768320021297466
Li,ye3t_tagged_127,1100,0.55,308.7227142783977,-29.592500695286716,0.5985831421862888,-28.993917553100427,6612.569793622313,2.5194109761013586
Li,ye3t_tagged_127,1200,0.6,441.2827220313439,-29.849546781651924,0.8556040295364932,-28.99394275211543,6784.032440580423,2.577396747670021
Li,ye3t_tagged_127,1300,0.65,328.7526322914352,-29.63134403900476,0.637419193786839,-28.99392484521792,6112.052171607461,2.517604018804387
Li,ye3t_tagged_127,1400,0.7000000000000001,402.8915786033067,-29.77509389150724,0.7811673580431349,-28.993926533464105,5814.646978534089,2.664907541219583
Li,ye3t_tagged_127,1500,0.75,311.1815093260121,-29.597276438324812,0.6033505052519876,-28.993925933072823,5720.163806542029,2.493881196269983
Li,ye3t_tagged_127,1600,0.8,375.611131382674,-29.72219662419276,0.7282732395920773,-28.993923384600684,6956.203523315374,2.45323968425203
Li,ye3t_tagged_127,1700,0.85,385.82841302502146,-29.742032511321938,0.7480835491910125,-28.993948962130926,6585.766892393568,2.5842793225966574
Li,ye3t_tagged_127,1800,0.9,359.77718246071794,-29.691514458277652,0.6975727615884579,-28.993941696689195,6008.748582184804,2.4218443091968154
Li,ye3t_tagged_127,1900,0.9500000000000001,435.0661159347647,-29.837498885938288,0.8435506384547174,-28.99394824748357,6762.652993209346,2.653689627009911
Li,ye3t_tagged_127,2000,1.0,378.15442921097645,-29.72713512910856,0.7332044452830458,-28.993930683825514,6895.07615412445,2.56436667529584
Li,ye3t_tagged_127,2100,1.05,359.9960127600898,-29.691931275102306,0.6979970521318659,-28.993934222970438,6486.440629346184,2.547594457522625
Li,ye3t_tagged_127,2200,1.1,258.66946960542646,-29.495449957243352,0.5015347972240578,-28.993915160019295,6119.978113871464,2.457125117101081
Li,ye3t_tagged_127,2300,1.1500000000000001,467.05558030733096,-29.899527156165917,0.9055750805037712,-28.993952075662147,7636.886242107344,2.6352726885208675
Li,ye3t_tagged_127,2400,1.2,408.880046582594,-29.786722347834285,0.7927784116330928,-28.99394393620119,6892.939605723995,2.570971575576245
Li,ye3t_tagged_127,2500,1.25,256.3725949359315,-29.491014341891514,0.49708138193167156,-28.993932959959842,5909.073376359539,2.6236041003360238
Li,ye3t_tagged_127,2600,1.3,458.19573257824675,-29.88235314793009,0.888396702471681,-28.99395644545841,6306.920574874269,2.6195581898230476
Li,ye3t_tagged_127,2700,1.35,374.9176451663976,-29.720859997194196,0.7269286376590066,-28.99393135953519,6548.222822383604,2.5108370448094073
Li,ye3t_tagged_127,2800,1.4000000000000001,335.0252857035129,-29.643506339852024,0.6495812551305377,-28.993925084721486,6824.4154859772325,2.588505824529858
Li,ye3t_tagged_127,2900,1.45,378.7598948956987,-29.72832743346055,0.7343783840160417,-28.993949049444506,5854.701749307782,2.572916842504631
Li,ye3t_tagged_127,3000,1.5,423.6402507622428,-29.81534801415019,0.821397003620458,-28.99395101052973,6693.1770252679125,2.509037569535578
Li,ye3t_tagged_127,3100,1.55,340.27213428197217,-29.653683617981116,0.6597543812512079,-28.993929236729908,7670.197245748372,2.6162878367259212
Li,ye3t_tagged_127,3200,1.6,288.2429347787521,-29.552807915220413,0.5588748531709056,-28.993933062049507,6415.007185516546,2.482362759662707
Li,ye3t_tagged_127,3300,1.6500000000000001,490.2082592203325,-29.944427559842495,0.9504658600052664,-28.99396169983723,6430.500593229928,2.704058196581575
Li,ye3t_tagged_127,3400,1.7,286.9426498397297,-29.55027854764832,0.5563537278745154,-28.993924819773802,7129.531920209029,2.4871328117726246
Li,ye3t_tagged_127,3500,1.75,444.4882866292406,-29.85577828877838,0.861819305707458,-28.993958983070925,6198.247233272464,2.5501368665561857
Li,ye3t_tagged_127,3600,1.8,397.03159546205245,-29.763765719628637,0.7698054239850937,-28.993960295643543,6308.522821198491,2.589885865006196
Li,ye3t_tagged_127,3700,1.85,352.7940483111437,-29.677966837265757,0.6840331475975316,-28.993933689668225,7022.048729107788,2.480964769882878
Li,ye3t_tagged_127,3800,1.9000000000000001,412.1825523303746,-29.793129496214945,0.7991816472104147,-28.99394784900453,7063.081561337639,2.670835281499029
Li,ye3t_tagged_127,3900,1.95,347.7034085339964,-29.668102208381995,0.6741628950614793,-28.993939313320517,6307.824004088073,2.535846871993654
Li,ye3t_tagged_127,4000,2.0,419.7875926873752,-29.807877929600096,0.8139270764995659,-28.99395085310053,6650.153798027656,2.587012473124163
Li,ye3t_tagged_127,4100,2.05,324.17332942799186,-29.62246772277672,0.628540373504925,-28.993927349271793,6678.000032884041,2.574991585559067
Li,ye3t_tagged_127,4200,2.1,418.0973714371033,-29.80458925053476,0.8106499028411824,-28.99393934769358,6552.856035849995,2.483212138958331
Li,ye3t_tagged_127,4300,2.15,329.0639690414223,-29.63197350382434,0.6380228452885464,-28.993950658535795,5919.5112478915,2.5282635973402776
Li,ye3t_tagged_127,4400,2.2,408.65031406775086,-29.786287216754218,0.7923329827603953,-28.993954233993822,6198.789170259044,2.5736417530310156
Li,ye3t_tagged_127,4500,2.25,439.92079850331913,-29.84692498597012,0.8529633930458222,-28.993961592924297,6934.39965036556,2.6320989580895318
Li,ye3t_tagged_127,4600,2.3000000000000003,371.36607833945567,-29.71399028030399,0.720042497013591,-28.9939477832904,6294.794690504883,2.5104351875279627
Li,ye3t_tagged_127,4700,2.35,384.7951372483487,-29.740039359052687,0.7460801285402469,-28.99395923051244,6135.917241635023,2.6618206253803054
Li,ye3t_tagged_127,4800,2.4,423.3615504443998,-29.81481590778091,0.8208566309680191,-28.99395927681289,6407.095563061837,2.4994949269802484
Li,ye3t_tagged_127,4900,2.45,491.8345100899428,-29.947590658210927,0.9536190013534496,-28.99397165685748,6804.173681593269,2.53303260442577
Li,ye3t_tagged_127,5000,2.5,373.0665344304711,-29.7173155698174,0.7233395150269528,-28.993976054790448,5873.508678954249,2.5542023289473366
Li,ye3t_tagged_127,5100,2.5500000000000003,346.6742246366196,-29.666116883879283,0.6721674081643804,-28.993949475714903,5810.1141405350745,2.63219597023094
Li,ye3t_tagged_127,5200,2.6,405.52854411830725,-29.780226033226214,0.7862801762155694,-28.993945857010644,6741.186054617642,2.602079491449351
Li,ye3t_tagged_127,5300,2.65,378.80072258121993,-29.72839572264617,0.7344575449042989,-28.99393817774187,7493.337159828601,2.6035827945544585
Li,ye3t_tagged_127,5400,2.7,394.82247060320293,-29.759477633534914,0.7655221469914237,-28.99395548654349,5743.748012865398,2.6694878342670902
Li,ye3t_tagged_127,5500,2.75,345.0388709035046,-29.66294381906576,0.6689966172543492,-28.99394720181141,5880.976216301682,2.550333365601446
Li,ye3t_tagged_127,5600,2.8000000000000003,426.6693300556811,-29.821216680154876,0.827270092050753,-28.993946588104123,7474.810203830049,2.641765575122062
Li,ye3t_tagged_127,5700,2.85,406.84661971705077,-29.782792220772862,0.7888357958607877,-28.993956424912074,6447.61187259202,2.6198477219940113
Li,ye3t_tagged_127,5800,2.9,382.0169016915351,-29.734667398858974,0.7406934015764787,-28.993973997282495,5409.444636745887,2.578415638526884
Li,ye3t_tagged_127,5900,2.95,422.56058892638356,-29.81325868763909,0.819303644938646,-28.993955042700446,7455.315823754882,2.6531911693588985
Li,ye3t_tagged_127,6000,3.0,377.9832195724448,-29.72680693996405,0.7328724865425158,-28.993934453421534,7317.286637974456,2.4908225533144663
Li,ye3t_tagged_127,6100,3.0500000000000003,399.42353059338564,-29.76840485449965,0.7744431522136945,-28.993961702285954,6004.669594889983,2.5218432920407645
Li,ye3t_tagged_127,6200,3.1,343.63286690690467,-29.660223227993868,0.666270513047283,-28.993952714946584,6697.9753909558085,2.612357754818623
Li,ye3t_tagged_127,6300,3.15,508.4502857003535,-29.979808420319998,0.9858353648237869,-28.993973055496213,6763.324504140985,2.70665884293688
Li,ye3t_tagged_127,6400,3.2,366.7624037679198,-29.70509289703533,0.711116422373848,-28.99397647466148,6109.730772088965,2.524844729695076
Li,ye3t_tagged_127,6500,3.25,371.4974873244638,-29.71424447759074,0.7202972861804379,-28.993947191410303,6996.5185855277405,2.48798601581681
Li,ye3t_tagged_127,6600,3.3000000000000003,376.4066231098925,-29.723756509598743,0.7298156202321759,-28.993940889366566,7995.824121413777,2.576752614804145
Li,ye3t_tagged_127,6700,3.35,354.6538919580237,-29.681587162708055,0.6876392024896272,-28.993947960218428,6556.305757124757,2.596152612172481
Li,ye3t_tagged_127,6800,3.4,379.64070740356004,-29.73002502754393,0.7360861933033012,-28.99393883424063,6710.555335734151,2.6916588773039205
Li,ye3t_tagged_127,6900,3.45,429.868804179969,-29.827427914045046,0.833473559389191,-28.993954354655855,6546.196586677102,2.509706434705063
Li,ye3t_tagged_127,7000,3.5,397.71997922913954,-29.76508144518138,0.7711401327683335,-28.993941312413046,6761.939424638703,2.725719258505725
Li,ye3t_tagged_127,7100,3.5500000000000003,251.81577942600973,-29.482181418567038,0.4882461624284105,-28.993935256138627,5731.244740839753,2.605219800131267
Li,ye3t_tagged_127,7200,3.6,455.9239661446072,-29.877932597853942,0.8839919695924053,-28.993940628261537,6834.408291941774,2.6452787980640227
Li,ye3t_tagged_127,7300,3.65,373.565030010055,-29.71822878675296,0.724306049190436,-28.993922737562524,6017.216983516997,2.545327854772347
Li,ye3t_tagged_127,7400,3.7,313.8604733957926,-29.602463257257497,0.608544754513632,-28.993918502743867,6212.703732031911,2.599652279767431
Li,ye3t_tagged_127,7500,3.75,240.33956872529333,-29.45987777103423,0.4659949125400332,-28.993882858494196,6474.647207651539,2.4064103624072515
Li,ye3t_tagged_127,7600,3.8000000000000003,443.16103583390765,-29.85318622886588,0.8592458962536165,-28.993940332612265,6928.723333124656,2.5871382718844
Li,ye3t_tagged_127,7700,3.85,366.8878396817451,-29.705302352096936,0.711359630339987,-28.993942721756948,5541.033855126091,2.6413885059802293
Li,ye3t_tagged_127,7800,3.9,309.89519664848615,-29.59478825234484,0.6008564708038026,-28.99393178154104,5262.57463244823,2.6238541483855387
Li,ye3t_tagged_127,7900,3.95,397.5319670430615,-29.764694255180032,0.7707755955318203,-28.993918659648212,7127.429394257418,2.611623426931992
Li,ye3t_tagged_127,8000,4.0,264.2991876526581,-29.506357984082044,0.5124502697904719,-28.993907714291574,7219.8299662510135,2.478977245599483
Li,ye3t_tagged_127,8100,4.05,335.157444145997,-29.64374954171653,0.6498374974221146,-28.993912044294415,6667.765088789965,2.3562072440420008
Li,ye3t_tagged_127,8200,4.1,372.4333316766693,-29.71603659860662,0.7221117968303905,-28.99392480177623,6919.921593331762,2.6183753672076886
Li,ye3t_tagged_127,8300,4.15,377.76412987220846,-29.726384286389248,0.7324476930462075,-28.99393659334304,5983.697901106466,2.564909650864919
Li,ye3t_tagged_127,8400,4.2,341.87434564468094,-29.65678766302638,0.6628609123471737,-28.993926750679204,6642.8908164999675,2.53405345765337
Li,ye3t_tagged_127,8500,4.25,322.8026916137728,-29.61980008242429,0.6258828408657984,-28.993917241558492,7359.392286053,2.5690977158138613
Li,ye3t_tagged_127,8600,4.3,355.3986812542948,-29.68300988728572,0.6890832760760839,-28.993926611209638,5852.74432806199,2.4935073819822557
Li,ye3t_tagged_127,8700,4.3500000000000005,331.6264099730748,-29.636910986721404,0.6429911675842364,-28.99391981913717,7405.061102063554,2.591655833420017
Li,ye3t_tagged_127,8800,4.4,467.4488497498173,-29.90029567525255,0.9063375914811691,-28.993958083771382,6705.310558153696,2.6212817170422564
Li,ye3t_tagged_127,8900,4.45,344.313479760423,-29.661536742276056,0.6675901547893026,-28.993946587486754,5990.714584420396,2.649912913889813
Li,ye3t_tagged_127,9000,4.5,317.5589042193856,-29.609625475075816,0.6157156500815835,-28.993909824994233,7093.483892142727,2.406964352299593
Li,ye3t_tagged_127,9100,4.55,392.1699660264033,-29.75432728386798,0.7603792000982695,-28.99394808376971,6868.84529862885,2.5908986755371197
Li,ye3t_tagged_127,9200,4.6000000000000005,350.1824729227724,-29.67291282645553,0.678969558396842,-28.993943268058686,6683.940828194024,2.553901330405623
Li,ye3t_tagged_127,9300,4.65,384.0641554765192,-29.738600235399616,0.7446628263929613,-28.993937409006655,7340.263400346312,2.6599219396320635
Li,ye3t_tagged_127,9400,4.7,339.2751462165016,-29.651770346728668,0.657821318922618,-28.99394902780605,5794.969413553124,2.588318181310018
Li,ye3t_tagged_127,9500,4.75,423.58106404132155,-29.81523129508453,0.8212822463585328,-28.993949048725998,6017.771028503152,2.625944073642849
Li,ye3t_tagged_127,9600,4.8,386.4288096839424,-29.743184795385616,0.7492476595788571,-28.99393713580676,6723.215615825421,2.4960346006778438
Li,ye3t_tagged_127,9700,4.8500000000000005,279.8719203133859,-29.53657046470434,0.5426442750170506,-28.99392618968729,7130.022423482741,2.5257181234056985
Li,ye3t_tagged_127,9800,4.9,434.0914518077124,-29.83561369144148,0.8416608600588813,-28.9939528313826,6548.822315328264,2.5547374905772613
Li,ye3t_tagged_127,9900,4.95,406.5520143252562,-29.782225487733086,0.7882645848258705,-28.993960902907215,7129.381943847639,2.672004077370626
Li,ye3t_tagged_127,10000,5.0,263.05004264963276,-29.503950162681406,0.5100282998272158,-28.99392186285419,6784.885585848966,2.5583064111446854
Mo,ye3t_tagged_127,0,0.0,1410.9163134429486,-166.49807757283412,2.735628708877515,-163.7624488639566,159394.92981238582,2.274642174101236
Mo,ye3t_tagged_127,100,0.05,2881.9260947481735,-169.3504311827194,5.58777277329649,-163.76265840942293,118042.03640056128,2.346871563209201
Mo,ye3t_tagged_127,200,0.1,2438.10607807978,-168.48985953618904,4.727249177669606,-163.76261035851945,128540.17927227994,2.3480363434367875
Mo,ye3t_tagged_127,300,0.15,2227.351273561998,-168.0812168759394,4.318616228798378,-163.762600647141,140339.9943423448,2.3748381970146935
Mo,ye3t_tagged_127,400,0.2,2789.334451939021,-169.17095295275894,5.408246635667002,-163.76270631709193,113481.97084317869,2.342943713907206
Mo,ye3t_tagged_127,500,0.25,2513.9731268551914,-168.63695165438568,4.874347963551082,-163.7626036908346,133251.1639331359,2.2664916650188682
Mo,ye3t_tagged_127,600,0.3,2159.755475933506,-167.9501343331259,4.187554589755636,-163.76257974337025,141026.27769599148,2.3222485484464452
Mo,ye3t_tagged_127,700,0.35000000000000003,2629.4781891644643,-168.86092476410985,5.098300980086042,-163.76262378402382,119415.61303516952,2.3758475422596037
Mo,ye3t_tagged_127,800,0.4,2428.054712586982,-168.47037781081474,4.7077605632539,-163.76261724756083,132088.12434486445,2.376610392239334
Mo,ye3t_tagged_127,900,0.45,2599.2626492404283,-168.80237348140724,5.039716004008529,-163.7626574773987,116877.11047583306,2.471217643452027
Mo,ye3t_tagged_127,1000,0.5,2523.2201945910065,-168.6548453061501,4.892277123296426,-163.76256818285367,133406.7919638562,2.321325139570069
Mo,ye3t_tagged_127,1100,0.55,2070.4750222309744,-167.77700410633838,4.01444852388681,-163.76255558245157,142847.1731975064,2.353552308787718
Mo,ye3t_tagged_127,1200,0.6,2688.7039313789846,-168.975778678486,5.213133900481765,-163.76264477800424,119634.13999940948,2.306179559878198
Mo,ye3t_tagged_127,1300,0.65,2176.8042383993957,-167.9831675382809,4.220610472381807,-163.7625570658991,143046.08358277867,2.379927306441102
Mo,ye3t_tagged_127,1400,0.7000000000000001,2712.9067562602895,-169.02273357443454,5.26006081028527,-163.76267276414927,120950.6521258036,2.416377703816189
Mo,ye3t_tagged_127,1500,0.75,2289.825944475134,-168.20233911870562,4.439748504114267,-163.76259061459135,138268.42088208205,2.3569667037245785
Mo,ye3t_tagged_127,1600,0.8,2619.9322274256206,-168.84240449580872,5.079792294108131,-163.7626122017006,131517.30656751263,2.2714574523587276
Mo,ye3t_tagged_127,1700,0.85,2369.803550525617,-168.35743829394437,4.594817258436842,-163.76262103550752,134910.0385757042,2.3507788367475158
Mo,ye3t_tagged_127,1800,0.9,2022.614101010649,-167.68415257080846,3.921650879635217,-163.76250169117324,141378.81028536585,2.3548325796803478
Mo,ye3t_tagged_127,1900,0.9500000000000001,2941.5222017087262,-169.4659735554481,5.703323794703838,-163.76264976074427,113324.08801964176,2.2809593576826392
Mo,ye3t_tagged_127,2000,1.0,2157.4204141919245,-167.94561295718466,4.1830271334661235,-163.76258582371855,138681.14397944094,2.3546230533149903
Mo,ye3t_tagged_127,2100,1.05,2508.934446675991,-168.62719396237986,4.8645784555925005,-163.76261550678737,133875.25255568823,2.3515242227923228
Mo,ye3t_tagged_127,2200,1.1,2805.8514874172315,-169.2029803361935,5.440271551680255,-163.76270878451322,114898.21542249,2.3230853695528477
Mo,ye3t_tagged_127,2300,1.1500000000000001,2402.8817630760554,-168.42159601737927,4.658952676695999,-163.76264334068327,133998.77428756282,2.3207156306415486
Mo,ye3t_tagged_127,2400,1.2,2365.7750724007274,-168.3495938531118,4.587006433438553,-163.76258741967325,135285.9883780806,2.299532434374649
Mo,ye3t_tagged_127,2500,1.25,2698.281265803355,-168.99433778140605,5.231703415027878,-163.76263436637817,130368.58814999164,2.3100616479652656
Mo,ye3t_tagged_127,2600,1.3,1999.3796065480617,-167.63918670794624,3.8766014677866814,-163.76258524015955,142832.74240527215,2.356679953857823
Mo,ye3t_tagged_127,2700,1.35,3079.2296393680513,-169.73303881436715,5.970325045095181,-163.76271376927195,108127.43770524095,2.2985113989499832
Mo,ye3t_tagged_127,2800,1.4000000000000001,2279.2219173742615,-168.18177517336244,4.419188332904626,-163.7625868404578,145184.94512414292,2.3369391446291448
Mo,ye3t_tagged_127,2900,1.45,1907.3833851905429,-167.4607541877922,3.698229794104807,-163.76252439368739,149197.0516471955,2.3398239623951227
Mo,ye3t_tagged_127,3000,1.5,3131.774677585856,-169.83495727248382,6.07220473398114,-163.76275253850267,108831.74294416627,2.3725532762804296
Mo,ye3t_tagged_127,3100,1.55,2211.8484714345163,-168.0512013354316,4.288557812034809,-163.7626435233968,134583.23820491234,2.448915282875257
Mo,ye3t_tagged_127,3200,1.6,2292.177757403829,-168.20693542123564,4.444308439316907,-163.76262698191874,140943.44349295917,2.3326498255692147
Mo,ye3t_tagged_127,3300,1.6500000000000001,2819.287420698262,-169.22905778341834,5.466322511942001,-163.76273527147634,121004.06504951452,2.293578554377416
Mo,ye3t_tagged_127,3400,1.7,2557.582860872003,-168.7216420601217,4.95890297168745,-163.76273908843424,130890.78777952526,2.375756116736261
Mo,ye3t_tagged_127,3500,1.75,2652.4746141790492,-168.90563951112864,5.142888798564044,-163.76275071256458,123816.23887250108,2.4129103764126847
Mo,ye3t_tagged_127,3600,1.8,2916.638609963438,-169.4178029367751,5.655076944547087,-163.762725992228,119518.76433116732,2.363801289344136
Mo,ye3t_tagged_127,3700,1.85,1351.4695526907146,-166.38283364659543,2.6203672551583037,-163.76246639143713,170877.6041772841,2.1745242649887815
Mo,ye3t_tagged_127,3800,1.9000000000000001,3393.383653842328,-170.34223080163002,6.579438947044337,-163.76279185458569,100187.47338308142,2.3956922534496186
Mo,ye3t_tagged_127,3900,1.95,2224.502511055646,-168.07575273197835,4.3130927569787545,-163.7626599749996,136583.87543758182,2.3485644011089515
Mo,ye3t_tagged_127,4000,2.0,2403.9238263177067,-168.42362865623807,4.660973135381724,-163.76265552085636,134846.02428596155,2.3652489203041607
Mo,ye3t_tagged_127,4100,2.05,2463.277995093936,-168.5387034561954,4.776055062317273,-163.76264839387812,128349.56280442717,2.3954525053317175
Mo,ye3t_tagged_127,4200,2.1,2366.32349138973,-168.35070730620782,4.588069764209141,-163.76263754199869,136828.22652857602,2.2991764152095855
Mo,ye3t_tagged_127,4300,2.15,2377.648224628892,-168.37269425608247,4.610027314117848,-163.76266694196462,129904.77072200576,2.2842913494510917
Mo,ye3t_tagged_127,4400,2.2,2489.059193516686,-168.58867243824187,4.826042284013249,-163.76263015422862,138017.40527605027,2.289111786567008
Mo,ye3t_tagged_127,4500,2.25,2283.052705818793,-168.18929608686284,4.426615856951694,-163.76268022991115,139409.12865754243,2.3802610043648578
Mo,ye3t_tagged_127,4600,2.3000000000000003,2901.2422275031504,-169.3879798420267,5.625224865107703,-163.762754976919,115631.58758912556,2.423867993773178
Mo,ye3t_tagged_127,4700,2.35,2202.557954819566,-168.03315191748322,4.270544409163208,-163.76260750832,143899.60498886803,2.3756469161262164
Mo,ye3t_tagged_127,4800,2.4,2652.7482190484543,-168.9061543368078,5.143419291640424,-163.76273504516737,128530.77668668257,2.4238163941396222
Mo,ye3t_tagged_127,4900,2.45,2284.0851900545977,-168.19125906642037,4.428617742882148,-163.76264132353822,140760.13001275054,2.352482344955005
Mo,ye3t_tagged_127,5000,2.5,2433.475201591741,-168.48094376166324,4.718270361174791,-163.76267340048844,137513.194625751,2.385608608460376
Mo,ye3t_tagged_127,5100,2.5500000000000003,2718.2570176395284,-169.0331916834014,5.270434443710295,-163.76275723969113,118609.51774505446,2.4138390270065653
Mo,ye3t_tagged_127,5200,2.6,2249.421386531958,-168.12407502761687,4.361408018838329,-163.76266700877855,138572.28258955022,2.4114957152076806
Mo,ye3t_tagged_127,5300,2.65,2882.216694782877,-169.3510711340325,5.588336218335831,-163.76273491569668,118672.66187698122,2.2953986140060993
Mo,ye3t_tagged_127,5400,2.7,2059.7603976146497,-167.75627773317814,3.9936739149139093,-163.76260381826424,144839.57656140448,2.271388606964691
Mo,ye3t_tagged_127,5500,2.75,2142.654587194968,-167.91698746840913,4.154397639386051,-163.76258982902309,147729.93702745406,2.370270463343306
Mo,ye3t_tagged_127,5600,2.8000000000000003,2891.689068151735,-169.36946694331567,5.606702223663122,-163.76276471965255,110916.59380590732,2.400381337996111
Mo,ye3t_tagged_127,5700,2.85,2403.902974578424,-168.42361673103693,4.660932705899077,-163.76268402513784,137446.85190780522,2.3392848019426795
Mo,ye3t_tagged_127,5800,2.9,2171.899841179848,-167.9737365492153,4.211101325945762,-163.7626352232695,136922.73679087474,2.460793568022009
Mo,ye3t_tagged_127,5900,2.95,2922.0968297421446,-169.4283654042285,5.665659898747649,-163.76270550548082,115427.36641271993,2.3609824953407026
Mo,ye3t_tagged_127,6000,3.0,1726.5569358013283,-167.11021725145184,3.347624998086531,-163.7625922533653,151876.3125784402,2.3445093659441842
Mo,ye3t_tagged_127,6100,3.0500000000000003,3256.3094679573715,-170.0764347242894,6.313665509895641,-163.76276921439378,109245.49980412418,2.4426882865326878
Mo,ye3t_tagged_127,6200,3.1,1587.6865795617489,-166.84086518172694,3.0783689623305857,-163.76249621939635,164234.65830028156,2.1832954357347067
Mo,ye3t_tagged_127,6300,3.15,2674.023512245451,-168.94738280721296,5.184670003893844,-163.76271280331912,126979.90873621401,2.4381455064732482
Mo,ye3t_tagged_127,6400,3.2,3005.9541730406177,-169.59106065223838,5.82825108405878,-163.7628095681796,108406.32192346248,2.3825315796346223
Mo,ye3t_tagged_127,6500,3.25,2127.3941737357995,-167.8874581084097,4.12480919053867,-163.76264891787105,146207.63526869964,2.4085072782534827
Mo,ye3t_tagged_127,6600,3.3000000000000003,2746.7338682091104,-169.0883904519087,5.325648271216807,-163.7627421806919,121602.53245741529,2.437953726196467
Mo,ye3t_tagged_127,6700,3.35,2306.9026109726033,-168.23548453379152,4.47285848992796,-163.76262604386355,137540.25146662386,2.4023115878253596
Mo,ye3t_tagged_127,6800,3.4,2483.988762405159,-168.5788824883968,4.816211214102921,-163.7626712742939,127665.89607745579,2.455179424095111
Mo,ye3t_tagged_127,6900,3.45,2327.5401394744995,-168.27553720358378,4.51287263882691,-163.76266456475688,125656.0073671131,2.3708055615584254
Mo,ye3t_tagged_127,7000,3.5,2576.668621637843,-168.75857447673178,4.995908394747866,-163.76266608198392,135446.5987504958,2.4213063224218456
Mo,ye3t_tagged_127,7100,3.5500000000000003,2504.384061801532,-168.61851514464968,4.855755704462325,-163.76275944018735,119489.45649207465,2.4637168278544026
Mo,ye3t_tagged_127,7200,3.6,2910.9643524898574,-169.40679568298924,5.644075114390051,-163.76272056859918,118233.93166624417,2.4811920798076073
Mo,ye3t_tagged_127,7300,3.65,1781.8667349198229,-167.2173855596448,3.4548652878961934,-163.76252027174863,153246.6603368393,2.3380141377459633
Mo,ye3t_tagged_127,7400,3.7,2868.837479283472,-169.3251175207267,5.562395228304242,-163.76272229242247,117278.01565994511,2.44442052203115
Mo,ye3t_tagged_127,7500,3.75,2208.914007847252,-168.0455221527011,4.282868174203004,-163.7626539784981,136144.3746317786,2.3377374997847813
Mo,ye3t_tagged_127,7600,3.8000000000000003,3093.120035721144,-169.76002556065777,5.997257164795805,-163.76276839586197,106852.65822626586,2.352645552951188
Mo,ye3t_tagged_127,7700,3.85,1946.6264851502074,-167.53687782126758,3.7743183259703423,-163.76255949529724,150657.68110092112,2.3210594230700448
Mo,ye3t_tagged_127,7800,3.9,2374.9817082531154,-168.36746655249965,4.604857199717181,-163.76260935278248,136137.5866792895,2.342061698034447
Mo,ye3t_tagged_127,7900,3.95,3072.858462900419,-169.72071588497676,5.957971957184779,-163.76274392779197,103273.35270677779,2.401093101600861
Mo,ye3t_tagged_127,8000,4.0,1682.329167967356,-167.02441122194855,3.261871682837847,-163.76253953911072,155172.51378123538,2.4315681944580536
Mo,ye3t_tagged_127,8100,4.05,3021.642017473308,-169.6213973191837,5.858668279750385,-163.7627290394333,113202.1298366481,2.4403218336360886
Mo,ye3t_tagged_127,8200,4.1,2467.763588027926,-168.54743617402505,4.78475218821315,-163.7626839858119,127527.05794079359,2.3570819478753813
Mo,ye3t_tagged_127,8300,4.15,2353.6591596392104,-168.32613895188422,4.563514863833138,-163.76262408805107,131126.8485841499,2.4216317509320544
Mo,ye3t_tagged_127,8400,4.2,2704.3405239867557,-169.00614292378296,5.243451723898561,-163.7626911998844,119315.23600283559,2.3039536465838912
Mo,ye3t_tagged_127,8500,4.25,2185.271885866613,-167.9996222657134,4.237028412473128,-163.76259385324028,150355.2262535898,2.423216386004353
Mo,ye3t_tagged_127,8600,4.3,2474.3070260360128,-168.5601564009051,4.797439274399007,-163.7627171265061,120255.76122210399,2.372844979681564
Mo,ye3t_tagged_127,8700,4.3500000000000005,3174.2025147901213,-169.91725063025865,6.1544681598170365,-163.7627824704416,103980.28668263344,2.4665098473568188
Mo,ye3t_tagged_127,8800,4.4,1513.303231867567,-166.6966239519414,2.9341469277025554,-163.76247702423885,168019.55431355417,2.3460307941810994
Mo,ye3t_tagged_127,8900,4.45,2983.570898513083,-169.54760154072102,5.784852104393722,-163.76274943632728,113668.39748553046,2.4115067656965015
Mo,ye3t_tagged_127,9000,4.5,2581.324786721126,-168.76763844879895,5.004936243355003,-163.76270220544396,120520.39381488081,2.326152312167026
Mo,ye3t_tagged_127,9100,4.55,2388.130268879843,-168.39299751338268,4.630350972514463,-163.76264654086822,135375.38309837953,2.394418810781648
Mo,ye3t_tagged_127,9200,4.6000000000000005,2309.4219412957586,-168.2403704321771,4.477743224971069,-163.762627207206,135881.99878815789,2.3192297201657275
Mo,ye3t_tagged_127,9300,4.65,2473.850875244413,-168.5591855058119,4.796554842637047,-163.76263066317486,138365.58394318973,2.314298805016327
Mo,ye3t_tagged_127,9400,4.7,2652.255613186068,-168.9051655601388,5.142464177062426,-163.76270138307638,115676.29516556131,2.4094564020388995
Mo,ye3t_tagged_127,9500,4.75,2577.0791752516147,-168.75934135297376,4.996704418042563,-163.7626369349312,130726.79582942346,2.3790475385668524
Mo,ye3t_tagged_127,9600,4.8,1981.74900405578,-167.60496572270074,3.842417454267836,-163.7625482684329,148062.70192699373,2.379929208800127
Mo,ye3t_tagged_127,9700,4.8500000000000005,3075.985393581298,-169.7267828380062,5.9640347698830105,-163.7627480681232,108272.17859989476,2.415234501646786
Mo,ye3t_tagged_127,9800,4.9,2118.0153362992896,-167.8692078996924,4.10662454223405,-163.76258335745837,139540.47490056048,2.3414165720990368
Mo,ye3t_tagged_127,9900,4.95,2340.5203898705545,-168.3006312833241,4.5380400745518665,-163.76259120877222,137526.20589516987,2.371582220480664
Mo,ye3t_tagged_127,10000,5.0,2572.6373959465404,-168.75070844647016,4.988092242487084,-163.76261620398307,129678.40477192283,2.3497201948532087
Cu,ye3t_tagged_127,0,0.0,973.9511609690164,-125.5324749499155,3.902685116982976,-121.62978983293252,108015.41907030165,2.1851126927994904
Cu,ye3t_tagged_127,100,0.05,1386.9937702039751,-127.18762538838453,5.557773491370538,-121.62985189701399,88080.36024162045,2.191869567332874
Cu,ye3t_tagged_127,200,0.1,1033.5937949301751,-125.77151127826744,4.141676997917016,-121.62983428035042,102538.56647364919,2.0939409944076743
Cu,ye3t_tagged_127,300,0.15,1054.200182152549,-125.85409889517044,4.224248120526012,-121.62985077464442,100616.74134373422,2.172864803997018
Cu,ye3t_tagged_127,400,0.2,1475.8350692375361,-127.54371192472917,5.913766306417599,-121.62994561831157,83873.1308675131,2.2537424183868042
Cu,ye3t_tagged_127,500,0.25,1256.5075994861618,-126.6648355016456,5.03490698959868,-121.62992851204692,90047.0440457857,2.2049017946780665
Cu,ye3t_tagged_127,600,0.3,945.1100153011571,-125.41695638166618,3.7871167861821737,-121.62983959548401,107328.8135625546,2.167144423613904
Cu,ye3t_tagged_127,700,0.35000000000000003,1423.559787385759,-127.33418558003862,5.704295880543224,-121.6298896994954,86422.17393844311,2.1983766248757286
Cu,ye3t_tagged_127,800,0.4,1032.0287559316978,-125.76520804071993,4.135405785712927,-121.629802255007,104658.89160192772,2.17051439590158
Cu,ye3t_tagged_127,900,0.45,1050.973943878794,-125.84116032442316,4.211320375686839,-121.62983994873632,101938.94913370642,2.130361587665343
Cu,ye3t_tagged_127,1000,0.5,1472.161173210814,-127.52897326035585,5.899044768090599,-121.62992849226525,86577.67843101178,2.2778501472002057
Cu,ye3t_tagged_127,1100,0.55,1041.3788892245636,-125.80272707785417,4.172872372854288,-121.62985470499989,104767.72975919109,2.221522337272349
Cu,ye3t_tagged_127,1200,0.6,1098.8772016246498,-126.03315691883853,4.4032718189950915,-121.62988509984343,99529.66879660291,2.153450700201888
Cu,ye3t_tagged_127,1300,0.65,1453.657230011139,-127.45481669202505,5.824898274277684,-121.62991841774736,86130.66217805304,2.2225741357714024
Cu,ye3t_tagged_127,1400,0.7000000000000001,1093.6214499826174,-126.01208931181674,4.382211683195765,-121.62987762862097,101032.50904601805,2.1927360251977435
Cu,ye3t_tagged_127,1500,0.75,1298.1019670045193,-126.83150182046361,5.201578302873472,-121.62992351759014,91389.09223823568,2.1299778819201385
Cu,ye3t_tagged_127,1600,0.8,1234.2072268625277,-126.57547112253846,4.945547958233246,-121.62992316430521,95596.69613664712,2.1326590575050415
Cu,ye3t_tagged_127,1700,0.85,1280.8411641325026,-126.76232740910893,5.1324131525298196,-121.62991425657911,94237.36545495411,2.115344612114064
Cu,ye3t_tagged_127,1800,0.9,1187.4796033417401,-126.3881777284754,4.758307357087371,-121.62987037138802,97483.34008532781,2.2303626077837655
Cu,ye3t_tagged_127,1900,0.9500000000000001,1235.8110621060146,-126.58186620519612,4.951974629493251,-121.62989157570287,94001.97240370745,2.1881804680449943
Cu,ye3t_tagged_127,2000,1.0,1148.9695838245584,-126.23387082380046,4.6039952251783145,-121.62987559862215,98767.20390692765,2.209725280576751
Cu,ye3t_tagged_127,2100,1.05,1200.4448562845168,-126.44009055560701,4.810259961823066,-121.62983059378395,96620.88550619755,2.177319122707785
Cu,ye3t_tagged_127,2200,1.1,1003.1538331262212,-125.64952219034095,4.019702107743236,-121.6298200825977,108296.03883971505,2.2068458081615026
Cu,ye3t_tagged_127,2300,1.1500000000000001,1356.0027143186458,-127.06351557064141,5.433590331669874,-121.62992523897154,87886.30908726064,2.1992642831865385
Cu,ye3t_tagged_127,2400,1.2,1252.8032243465755,-126.64996994920196,5.020063319500682,-121.62990662970128,95490.28517477473,2.193557773298894
Cu,ye3t_tagged_127,2500,1.25,1182.3739834169692,-126.36773814671582,4.737848808761856,-121.62988933795397,97665.07142725884,2.183513229978843
Cu,ye3t_tagged_127,2600,1.3,1132.3440120839616,-126.16727469199927,4.537375486947494,-121.62989920505177,99401.63802945711,2.2097412859880223
Cu,ye3t_tagged_127,2700,1.35,1359.8556690859336,-127.07896102819768,5.449029369918715,-121.62993165827896,90236.47683112285,2.2152945302112763
Cu,ye3t_tagged_127,2800,1.4000000000000001,1159.1633035046984,-126.27474939236635,4.644842117380587,-121.62990727498575,99757.94933467268,2.2585382139339596
Cu,ye3t_tagged_127,2900,1.45,1377.6846243647242,-127.15051076523605,5.520471143599299,-121.63003962163675,88459.23278944383,2.1866755955330914
Cu,ye3t_tagged_127,3000,1.5,1420.4449987984372,-127.32178575526231,5.691814721785536,-121.62997103347678,90222.10992227026,2.208792773575647
Cu,ye3t_tagged_127,3100,1.55,1111.370180411246,-126.08318683169969,4.45333199072765,-121.62985484097204,102137.28180303682,2.1861452802117634
Cu,ye3t_tagged_127,3200,1.6,1124.9103290682829,-126.13747027569863,4.507588239668284,-121.62988203603035,98990.9499495696,2.192970706826701
Cu,ye3t_tagged_127,3300,1.6500000000000001,1185.0740983623618,-126.37852880126616,4.748668343491959,-121.6298604577742,99150.7948754385,2.180445461407556
Cu,ye3t_tagged_127,3400,1.7,1342.8941790041317,-127.01099375962878,5.381063585229631,-121.62993017439915,92100.08509027536,2.1545223383824545
Cu,ye3t_tagged_127,3500,1.75,1104.6078532022418,-126.05616372014919,4.426234909464876,-121.6299288106843,101743.49789527596,2.16210266509271
Cu,ye3t_tagged_127,3600,1.8,1444.0028985956812,-127.41615426681642,5.7862127456398404,-121.62994152117658,87759.28381593133,2.140473289952481
Cu,ye3t_tagged_127,3700,1.85,1042.465275356256,-125.80712292572434,4.177225592150452,-121.6298973335739,107285.41907858773,2.171735917693493
Cu,ye3t_tagged_127,3800,1.9000000000000001,1364.673621162093,-127.09826929203803,5.468335214621704,-121.62993407741632,87801.32765630845,2.1591749849190083
Cu,ye3t_tagged_127,3900,1.95,1225.6524390196626,-126.54116730495886,4.911268371605843,-121.62989893335302,98782.53747962446,2.1711483819859017
Cu,ye3t_tagged_127,4000,2.0,1177.5305751863473,-126.34833537025196,4.7184409596061405,-121.62989441064582,101177.48849936223,2.2177791787746255
Cu,ye3t_tagged_127,4100,2.05,1066.1253746178693,-125.90195469358929,4.2720331358498385,-121.62992155773945,101129.88985748102,2.20146246822334
Cu,ye3t_tagged_127,4200,2.1,1546.0807711694697,-127.82518617582014,6.195245364555403,-121.62994081126473,82718.47797616347,2.2926180190887533
Cu,ye3t_tagged_127,4300,2.15,1040.3111750050803,-125.79843520101306,4.168593973114589,-121.62984122789848,105656.27701111983,2.194108559802819
Cu,ye3t_tagged_127,4400,2.2,1019.2557684767285,-125.71408309775603,4.084223601187039,-121.629859496569,102448.56871955062,2.159678763936896
Cu,ye3t_tagged_127,4500,2.25,1310.0914989665077,-126.87951095889966,5.249621130710023,-121.62988982818963,91733.6574594185,2.1909307214515024
Cu,ye3t_tagged_127,4600,2.3000000000000003,1218.0153218187206,-126.51049219530987,4.8806659504257945,-121.62982624488407,96001.95176378489,2.1031010701580652
Cu,ye3t_tagged_127,4700,2.35,1157.6915989017489,-126.26884818806653,4.638944902118979,-121.62990328594755,98272.94947587537,2.187196305638796
Cu,ye3t_tagged_127,4800,2.4,1256.0002783216148,-126.6627706060672,5.032874120972662,-121.62989648509453,94445.909144686,2.239811459857539
Cu,ye3t_tagged_127,4900,2.45,1091.0387347255182,-126.00174571059588,4.371862576588348,-121.62988313400754,102396.78688925944,2.204776721565247
Cu,ye3t_tagged_127,5000,2.5,1418.508550115197,-127.3139858218193,5.684055247020535,-121.62993057479876,88341.19792391971,2.2295700407621197
Cu,ye3t_tagged_127,5100,2.5500000000000003,1065.7915948539433,-125.90056258559153,4.270695658808661,-121.62986692678287,101331.79702102821,2.2080851061496705
Cu,ye3t_tagged_127,5200,2.6,1085.1418620132836,-125.97805380973443,4.3482334273116185,-121.62982038242282,102597.62739014128,2.148792767392891
Cu,ye3t_tagged_127,5300,2.65,1096.7817093885176,-126.02472153263273,4.3948750464561375,-121.62984648617659,104010.7933097378,2.141510447374273
Cu,ye3t_tagged_127,5400,2.7,1487.2791401476081,-127.58970343420117,5.95962343663961,-121.63007999756155,83131.24838705435,2.128593332406742
Cu,ye3t_tagged_127,5500,2.75,1415.841453130082,-127.30336553236828,5.6733680173867596,-121.62999751498151,89367.92195611454,2.1942173758540884
Cu,ye3t_tagged_127,5600,2.8000000000000003,1098.87992018692,-126.03317285464345,4.403282712449441,-121.62989014219401,104697.19632991955,2.2058043871912125
Cu,ye3t_tagged_127,5700,2.85,1348.4733651056968,-127.03339304535939,5.40341974376821,-121.62997330159118,89634.5143368529,2.263502004224648
Cu,ye3t_tagged_127,5800,2.9,1165.2170626742422,-126.2989986469068,4.6690999208101465,-121.62989872609666,96408.25409694838,2.169351467743298
Cu,ye3t_tagged_127,5900,2.95,1214.1273389047865,-126.49493441081154,4.865086552134203,-121.62984785867734,97483.49761473344,2.2070991690823503
Cu,ye3t_tagged_127,6000,3.0,1144.835152475237,-126.21726943558605,4.587428292111434,-121.62984114347461,99322.49570125857,2.1490451373026116
Cu,ye3t_tagged_127,6100,3.0500000000000003,1110.404900937027,-126.07931058839546,4.449464053618754,-121.6298465347767,99250.8003726685,2.179667036659499
Cu,ye3t_tagged_127,6200,3.1,1199.7859600070542,-126.4375183997821,4.807619721943757,-121.62989867783836,97292.37095368827,2.189200240023749
Cu,ye3t_tagged_127,6300,3.15,1335.5058968100923,-126.98136272948238,5.351458261970855,-121.62990446751152,90446.8193918062,2.1942526829196316
Cu,ye3t_tagged_127,6400,3.2,1244.7324555170944,-126.61768900374162,4.9877232282767165,-121.6299657754649,93916.53758589929,2.255113339080766
Cu,ye3t_tagged_127,6500,3.25,1218.8294756878827,-126.51382722945999,4.8839283174883805,-121.62989891197161,97234.22343555985,2.173404433394791
Cu,ye3t_tagged_127,6600,3.3000000000000003,1249.1150945282516,-126.63516500396139,5.005284745452726,-121.62988025850866,96521.33972367176,2.2219343267072498
Cu,ye3t_tagged_127,6700,3.35,1138.452414319828,-126.19173156101817,4.561852248668013,-121.62987931235016,99696.8636362168,2.1327721504516135
Cu,ye3t_tagged_127,6800,3.4,1059.7363999167114,-125.87626524861099,4.246432102165376,-121.62983314644562,105720.40473780285,2.2270638661924362
Cu,ye3t_tagged_127,6900,3.45,1373.5568069860199,-127.13381739805155,5.5039307131392485,-121.6298866849123,89384.96291463557,2.2169598805337007
Cu,ye3t_tagged_127,7000,3.5,1086.3165853467115,-125.98281890116394,4.352940619472445,-121.62987828169149,101282.00614228731,2.1925560015095646
Cu,ye3t_tagged_127,7100,3.5500000000000003,1320.4543666441973,-126.92108105675982,5.291145809847676,-121.62993524691214,93039.89778927327,2.1697848981453984
Cu,ye3t_tagged_127,7200,3.6,1106.0720602012807,-126.06200637373266,4.432102081344055,-121.6299042923886,99990.71921417859,2.0763725201899583
Cu,ye3t_tagged_127,7300,3.65,1349.8384780800493,-127.03878446176006,5.408889839499402,-121.62989462226065,89312.51655994456,2.113703194325069
Cu,ye3t_tagged_127,7400,3.7,1102.7854711783662,-126.0487773209743,4.418932507160678,-121.62984481381362,103608.38102317727,2.1284620562547034
Cu,ye3t_tagged_127,7500,3.75,1249.0891943933384,-126.63508013815013,5.0051809619417,-121.62989917620843,93866.55346487247,2.2228647854739156
Cu,ye3t_tagged_127,7600,3.8000000000000003,1148.6908866911824,-126.2327665630543,4.602878467790306,-121.629888095264,100547.27885964802,2.130164951073886
Cu,ye3t_tagged_127,7700,3.85,1382.7843382326569,-127.1708420753155,5.540906025974151,-121.62993604934135,91288.03622136624,2.22726968614692
Cu,ye3t_tagged_127,7800,3.9,1006.0562156004155,-125.66112575271336,4.031332141506491,-121.62979361120686,103422.61592268464,2.0672837234883845
Cu,ye3t_tagged_127,7900,3.95,1172.5551710804164,-126.32830632417105,4.698504194464988,-121.62980212970606,98328.91725385202,2.1343110368854488
Cu,ye3t_tagged_127,8000,4.0,1070.2008743413535,-125.91816134556996,4.288363926091194,-121.62979741947876,102367.38722957361,2.103945280806751
Cu,ye3t_tagged_127,8100,4.05,1186.495004765352,-126.3842274459287,4.754362007090098,-121.6298654388386,95290.36589944654,2.21151567358222
Cu,ye3t_tagged_127,8200,4.1,1189.6160552962617,-126.39674322261126,4.766868257859608,-121.62987496475165,98824.8368220439,2.249408254386028
Cu,ye3t_tagged_127,8300,4.15,1134.1408055615907,-126.17447255788917,4.5445753542965495,-121.62989720359262,97034.34417060674,2.202313173502815
Cu,ye3t_tagged_127,8400,4.2,1251.8400254641897,-126.6460511223774,5.016203719457451,-121.62984740291995,95852.0640317448,2.166927331868792
Cu,ye3t_tagged_127,8500,4.25,1274.7781918234261,-126.73799543869328,5.108118431455951,-121.62987700723733,93387.76066734172,2.2050506955169986
Cu,ye3t_tagged_127,8600,4.3,1186.981678403346,-126.38624290992496,4.756312139745557,-121.6299307701794,98396.40768665867,2.192746319624092
Cu,ye3t_tagged_127,8700,4.3500000000000005,1257.7899742935376,-126.6698807476894,5.040045548158598,-121.6298351995308,95875.64993492363,2.2165521031773645
Cu,ye3t_tagged_127,8800,4.4,1136.2844540585038,-126.18298401338535,4.55316509207829,-121.62981892130706,102973.90401232135,2.126724077213591
Cu,ye3t_tagged_127,8900,4.45,1061.1426290621876,-125.8819248312771,4.2520669530460475,-121.62985787823105,104365.08169423271,2.1255717580347198
Cu,ye3t_tagged_127,9000,4.5,1264.6406678424653,-126.6973884676751,5.067496719044631,-121.62989174863047,96816.47004057819,2.221463050401695
Cu,ye3t_tagged_127,9100,4.55,1238.1601718741742,-126.59126300293167,4.961387663840102,-121.62987533909157,96691.1282521276,2.205294186823391
Cu,ye3t_tagged_127,9200,4.6000000000000005,1185.6503588895773,-126.38087227367595,4.750977456590434,-121.62989481708551,97997.31319887584,2.192640110939321
Cu,ye3t_tagged_127,9300,4.65,1238.302993677019,-126.59186547762985,4.961959960015393,-121.62990551761446,95266.5324522435,2.1815945480313252
Cu,ye3t_tagged_127,9400,4.7,1200.9495939822532,-126.44214054250554,4.812282478330953,-121.62985806417458,99347.77856496033,2.2351848689985356
Cu,ye3t_tagged_127,9500,4.75,992.4070584900353,-125.60639725860236,3.976639088662809,-121.62975816993955,105631.57974056793,2.1266254465375423
Cu,ye3t_tagged_127,9600,4.8,1357.4100095586684,-127.06913137450184,5.439229454460151,-121.62990192004169,90661.44443251121,2.1699606065938157
Cu,ye3t_tagged_127,9700,4.8500000000000005,1258.2277422237673,-126.67170987958355,5.041799712488871,-121.62991016709468,95309.87056370599,2.167362005926285
Cu,ye3t_tagged_127,9800,4.9,1165.9214254940164,-126.30178533702627,4.671922348056861,-121.6298629889694,98119.05631512063,2.1983740415591244
Cu,ye3t_tagged_127,9900,4.95,1084.5105556641804,-125.97555523212867,4.345703742054659,-121.62985149007402,104125.45138019846,2.1971991949360645
Cu,ye3t_tagged_127,10000,5.0,1308.3164798592334,-126.87243089851202,5.242508514667318,-121.6299223838447,89438.39980283014,2.1629671610082295
Ni,ye3t_tagged_127,0,0.0,1576.4335526215773,-179.05443913464086,6.3168709174366375,-172.73756821720423,122582.69748607246,2.135202765828107
Ni,ye3t_tagged_127,100,0.05,1665.2097309663413,-179.4102194172362,6.672602789683729,-172.73761662755246,121731.57220116489,2.130694922366879
Ni,ye3t_tagged_127,200,0.1,1349.8119762916106,-178.146287306413,5.408783645123895,-172.7375036612891,134960.4701947631,2.1056880420936057
Ni,ye3t_tagged_127,300,0.15,1557.6818000302874,-178.97932866619522,6.241731435409055,-172.73759723078615,129875.93963826977,2.1528144791667394
Ni,ye3t_tagged_127,400,0.2,1633.1133266001575,-179.28156043343483,6.543990427330831,-172.737570006104,123520.13433104102,2.0596488664711763
Ni,ye3t_tagged_127,500,0.25,1254.395029304386,-177.76392570370115,5.026441784630091,-172.73748391907105,139348.55723924734,2.048772982641074
Ni,ye3t_tagged_127,600,0.3,1806.5330239904613,-179.97652971187154,7.238894339477161,-172.73763537239438,117745.30311778825,2.0977560790759253
Ni,ye3t_tagged_127,700,0.35000000000000003,1330.3051883738779,-178.06816548410904,5.330618687847253,-172.7375467962618,132400.50658233007,2.1211424288104745
Ni,ye3t_tagged_127,800,0.4,1536.7603963965084,-178.89541639072985,6.157898021722576,-172.73751836900726,128310.3848072025,2.1049405236965724
Ni,ye3t_tagged_127,900,0.45,1678.354286211469,-179.46289847531955,6.725273870309046,-172.7376246050105,118593.68335631298,2.1365645086680627
Ni,ye3t_tagged_127,1000,0.5,1198.392085897646,-177.53945611196752,4.802034378489448,-172.73742173347807,142226.35662170895,2.048849966492422
Ni,ye3t_tagged_127,1100,0.55,1656.2664980839863,-179.37423449082553,6.636766678730328,-172.7374678120952,127109.56039671607,2.1566810300090737
Ni,ye3t_tagged_127,1200,0.6,1277.1459123332713,-177.8551301448187,5.117606040245035,-172.73752410457368,137869.68541052254,2.1096719797579904
Ni,ye3t_tagged_127,1300,0.65,1223.1645386370333,-177.63872669524977,4.901299194315512,-172.73742750093427,144694.84836442224,2.1353687220009565
Ni,ye3t_tagged_127,1400,0.7000000000000001,1695.5402774204063,-179.53174223960758,6.794139245493761,-172.73760299411381,123758.60020272751,2.1466669597242047
Ni,ye3t_tagged_127,1500,0.75,1551.1816729860122,-178.95323305960682,6.215685007116951,-172.73754805248987,125909.97405673309,2.1014358849477754
Ni,ye3t_tagged_127,1600,0.8,1451.9918604805957,-178.5557397669201,5.8182250311607895,-172.73751473575933,132196.49740074264,2.1302031660023064
Ni,ye3t_tagged_127,1700,0.85,1465.1539256606377,-178.608448877388,5.870966275224611,-172.7374826021634,129128.00051280666,2.0643472836694947
Ni,ye3t_tagged_127,1800,0.9,1413.8470037519278,-178.402888184929,5.665376130096482,-172.7375120548325,136950.4522426008,2.0378074531711774
Ni,ye3t_tagged_127,1900,0.9500000000000001,1422.1190805776039,-178.43601140660155,5.698522875444561,-172.737488531157,133906.72966390708,2.0885392970928267
Ni,ye3t_tagged_127,2000,1.0,1572.1944438788692,-179.03754466775905,6.2998845353032875,-172.73766013245577,129293.4774119468,2.1681213710722007
Ni,ye3t_tagged_127,2100,1.05,1520.9509301589096,-178.83208900172144,6.094548470876992,-172.73754053084446,129369.80012194607,2.0777797815216124
Ni,ye3t_tagged_127,2200,1.1,1578.0233968080418,-179.0608203114316,6.323241525628801,-172.7375787858028,126472.78658433052,2.1057929033264404
Ni,ye3t_tagged_127,2300,1.1500000000000001,1414.4672165497598,-178.40536009382902,5.667861362778019,-172.737498731051,133030.76969827706,2.069787399927828
Ni,ye3t_tagged_127,2400,1.2,1521.2282026695266,-178.83324884195815,6.0956595197097245,-172.73758932224843,131067.25747890245,2.084218504457006
Ni,ye3t_tagged_127,2500,1.25,1672.5600807725907,-179.43970438060637,6.7020561154181815,-172.7376482651882,120666.77921673957,2.1540830140456513
Ni,ye3t_tagged_127,2600,1.3,1653.5132351786115,-179.36339239960034,6.6257341766968,-172.73765822290355,123627.61084117793,2.15303375229001
Ni,ye3t_tagged_127,2700,1.35,1557.9801127089681,-178.980587133887,6.242926793552205,-172.7376603403348,128863.92651298943,2.163630145981517
Ni,ye3t_tagged_127,2800,1.4000000000000001,1564.7490673042537,-179.0076403821215,6.270050431179241,-172.73758995094227,128641.09113608685,2.1346871872258215
Ni,ye3t_tagged_127,2900,1.45,1619.122989162489,-179.22547563511375,6.48793024291128,-172.73754539220246,124586.30996551018,2.132723930184355
Ni,ye3t_tagged_127,3000,1.5,1389.2499310122528,-178.30438786535132,5.566814073240399,-172.7375737921109,133211.13634121802,2.1433611819289813
Ni,ye3t_tagged_127,3100,1.55,1730.8334865370653,-179.67322008017766,6.935561410659735,-172.7376586695179,116725.62970161202,2.1009185020737955
Ni,ye3t_tagged_127,3200,1.6,1487.0224342637039,-178.69620515144925,5.95859479960656,-172.73761035184268,128974.16686462711,2.1160467077548173
Ni,ye3t_tagged_127,3300,1.6500000000000001,1483.1392823797257,-178.68063471084213,5.943034759563579,-172.73759995127855,129029.4058215559,2.116698057284527
Ni,ye3t_tagged_127,3400,1.7,1589.3062492865404,-179.10594117470953,6.368452643197716,-172.73748853151181,125687.79529954809,2.0620542772924293
Ni,ye3t_tagged_127,3500,1.75,1351.730930958021,-178.1538859903706,5.416473020235183,-172.73741297013544,136282.58036370974,2.113274244558261
Ni,ye3t_tagged_127,3600,1.8,1387.1222733288475,-178.2958485165887,5.558288411679711,-172.737560104909,134159.71606662372,2.170607355879916
Ni,ye3t_tagged_127,3700,1.85,1789.91116335297,-179.90993388450846,7.172289471875833,-172.73764441263262,116618.0963760399,2.1582484625394724
Ni,ye3t_tagged_127,3800,1.9000000000000001,1582.0301642138304,-179.07694762843238,6.33929690104026,-172.73765072739212,125465.82737672447,2.1376557715125255
Ni,ye3t_tagged_127,3900,1.95,1394.7830701708162,-178.32659378178346,5.588985718708572,-172.73760806307487,135999.5352179908,2.0630530002401786
Ni,ye3t_tagged_127,4000,2.0,1690.1705899194055,-179.5102425171848,6.772622561359255,-172.73761995582555,120726.89188643715,2.0509593038580967
Ni,ye3t_tagged_127,4100,2.05,1427.7434795842796,-178.45864264214003,5.721060205009925,-172.7375824371301,131461.26920662704,2.011934489764406
Ni,ye3t_tagged_127,4200,2.1,1587.3311819516405,-179.09808034715564,6.360538421004804,-172.73754192615084,127403.57848976184,2.048335077469397
Ni,ye3t_tagged_127,4300,2.15,1495.0925972948196,-178.7286097506959,5.990932463357406,-172.7376772873385,128032.629239215,2.068800247728137
Ni,ye3t_tagged_127,4400,2.2,1594.0922984090744,-179.1252966932728,6.387630650707948,-172.73766604256485,128189.21056888727,2.1559378013359844
Ni,ye3t_tagged_127,4500,2.25,1816.7417516495957,-180.01766515254207,7.279801369619204,-172.73786378292286,114608.12796823344,2.173039751086022
Ni,ye3t_tagged_127,4600,2.3000000000000003,1521.399525353706,-178.83400583740854,6.096346020754688,-172.73765981665386,124881.39228614033,2.0875400693827193
Ni,ye3t_tagged_127,4700,2.35,1554.5090578119184,-178.96661916344704,6.229018052714041,-172.73760111073298,126809.26838872716,2.0757219432766036
Ni,ye3t_tagged_127,4800,2.4,1413.3124044546948,-178.40074867005342,5.663233956233488,-172.73751471381993,132135.3289093676,2.1067162792765997
Ni,ye3t_tagged_127,4900,2.45,1289.0035597671344,-177.9025227844628,5.165120398271496,-172.73740238619132,139640.814363663,2.0944597042819897
Ni,ye3t_tagged_127,5000,2.5,1522.9486132268999,-178.8401635799027,6.102553315770998,-172.73761026413172,127692.35835106479,2.063097542513199
Ni,ye3t_tagged_127,5100,2.5500000000000003,1392.7558585228471,-178.3184576041441,5.580862550890145,-172.73759505325395,135005.2332485297,2.077884994796391
Ni,ye3t_tagged_127,5200,2.6,1731.665737913654,-179.6765887728476,6.938896295601779,-172.73769247724582,120429.2789963331,2.0651259029626354
Ni,ye3t_tagged_127,5300,2.65,1352.5348478467397,-178.15726896769297,5.419694367056898,-172.73757460063607,131334.64572705713,2.130724638051572
Ni,ye3t_tagged_127,5400,2.7,1693.939381992468,-179.52529511926292,6.787724354264262,-172.73757076499865,122582.16472906347,2.1582128503231557
Ni,ye3t_tagged_127,5500,2.75,1307.2108097361925,-177.97565851023415,5.238078023174098,-172.73758048706006,137388.45951699506,2.127403803392529
Ni,ye3t_tagged_127,5600,2.8000000000000003,1499.9249290445962,-178.74791030143302,6.010295928339996,-172.73761437309304,127645.83420122664,2.13532663576325
Ni,ye3t_tagged_127,5700,2.85,1478.0027286069428,-178.66002633244898,5.922452257314002,-172.73757407513497,132415.66987667038,2.096469258085126
Ni,ye3t_tagged_127,5800,2.9,1709.3835814435706,-179.58737963426546,6.849610257538473,-172.737769376727,121026.2295671453,2.1621602806824933
Ni,ye3t_tagged_127,5900,2.95,1673.7918631888824,-179.44469404894176,6.706991947004069,-172.73770210193769,120993.47762252708,2.1608852624413357
Ni,ye3t_tagged_127,6000,3.0,1531.1595820791383,-178.87315844136327,6.135455197528354,-172.73770324383491,131436.92958390393,2.18763131033474
Ni,ye3t_tagged_127,6100,3.0500000000000003,1676.1317029658576,-179.45418820396407,6.7163678358983745,-172.73782036806568,124602.19421872067,2.15105926856979
Ni,ye3t_tagged_127,6200,3.1,1568.7359398300541,-179.023696323891,6.286026086523467,-172.73767023736752,130150.77278073334,2.137780023131473
Ni,ye3t_tagged_127,6300,3.15,1450.478280954655,-178.54969802349405,5.812160020382033,-172.737538003112,132297.3209615822,2.1046405092309706
Ni,ye3t_tagged_127,6400,3.2,1375.6635805595367,-178.24984335400654,5.512372690724693,-172.73747066328184,139540.88359521658,2.134942359835741
Ni,ye3t_tagged_127,6500,3.25,1244.9558018018135,-177.72606730669935,4.988618191244305,-172.73744911545504,139503.51833650316,2.099440868326612
Ni,ye3t_tagged_127,6600,3.3000000000000003,1492.8835122017101,-178.71949379484118,5.9820805169143725,-172.7374132779268,134876.80402606528,2.0351370308578725
Ni,ye3t_tagged_127,6700,3.35,1219.8318064368732,-177.62540138487515,4.887944721444907,-172.73745666343024,143541.54731730503,2.0377818263987435
Ni,ye3t_tagged_127,6800,3.4,1420.2199166729613,-178.42842775670073,5.690912803192083,-172.73751495350865,134555.6767135756,2.124537466272233
Ni,ye3t_tagged_127,6900,3.45,1446.4608200265,-178.53358956836507,5.796061795336773,-172.7375277730283,133076.12013578365,2.1515981493718126
Ni,ye3t_tagged_127,7000,3.5,1345.6825765839653,-178.1296907525981,5.392236874169726,-172.73745387842837,137771.40949521487,2.0946917346712377
Ni,ye3t_tagged_127,7100,3.5500000000000003,1665.5497609110541,-179.41156224727177,6.673965311602425,-172.73759693566936,122327.04933587824,2.1247098223992844
Ni,ye3t_tagged_127,7200,3.6,1507.9866980268703,-178.7802648826854,6.042599956595759,-172.73766492608965,128308.80875825853,2.1362094763604085
Ni,ye3t_tagged_127,7300,3.65,1552.5648487675621,-178.9588092992052,6.221227481681543,-172.73758181752365,125666.49973805732,2.0386589006746565
Ni,ye3t_tagged_127,7400,3.7,1441.564294666338,-178.51389529188998,5.776441102417201,-172.73745418947277,131877.96189385906,2.0628512769950236
Ni,ye3t_tagged_127,7500,3.75,1480.6772303559067,-178.67081244889653,5.93316915831409,-172.73764329058244,130257.93680431812,2.1002474031542095
Ni,ye3t_tagged_127,7600,3.8000000000000003,1165.9685307615239,-177.4095426176799,4.672111101901818,-172.7374315157781,147853.00560630235,2.0741858393336527
Ni,ye3t_tagged_127,7700,3.85,1564.5175361116019,-179.0067145287934,6.269122670757681,-172.73759185803573,126770.61971675887,2.111209070487452
Ni,ye3t_tagged_127,7800,3.9,1428.5681042706267,-178.46192729239982,5.724364529312287,-172.73756276308754,134989.80921525016,2.1401728636082185
Ni,ye3t_tagged_127,7900,3.95,1689.2338253666692,-179.5065162039454,6.768868885379812,-172.7376473185656,124440.91924820594,2.189509703312593
Ni,ye3t_tagged_127,8000,4.0,1274.903650485558,-177.84604645081947,5.108621152406569,-172.73742529841292,140720.02770499373,2.101956922020166
Ni,ye3t_tagged_127,8100,4.05,1422.612983046622,-178.4380334660956,5.700501974492157,-172.73753149160342,135666.43576407284,2.047473577516692
Ni,ye3t_tagged_127,8200,4.1,1588.6358421983302,-179.10345415470272,6.365766278757353,-172.73768787594537,129002.50761904176,2.082510347946462
Ni,ye3t_tagged_127,8300,4.15,1564.5638064644947,-179.0070012018383,6.2693080790459295,-172.73769312279236,127175.80919467322,2.098413846453792
Ni,ye3t_tagged_127,8400,4.2,1688.0616570238428,-179.50187764963124,6.764171931231108,-172.73770571840012,124395.77932069637,2.171286454767977
Ni,ye3t_tagged_127,8500,4.25,1615.485885780373,-179.2110444080941,6.473356135084159,-172.73768827300995,123505.54243697341,2.121727521554311
Ni,ye3t_tagged_127,8600,4.3,1846.0958735184888,-180.1352467611925,7.397425229141948,-172.73782153205053,113539.5286191211,2.1877653237493275
Ni,ye3t_tagged_127,8700,4.3500000000000005,1176.905655337848,-177.45340207951068,4.715936865468999,-172.7374652140417,149301.49123250024,2.13705168397959
Ni,ye3t_tagged_127,8800,4.4,1469.5456522359168,-178.62610111400323,5.88856420685616,-172.73753690714707,134996.53797339823,2.080520467223526
Ni,ye3t_tagged_127,8900,4.45,1601.8136926603283,-179.15622762159649,6.418570775464045,-172.73765684613244,124769.39680091533,2.0372789595929173
Ni,ye3t_tagged_127,9000,4.5,1626.0667125644998,-179.25342830327776,6.515754190418578,-172.73767411285917,124207.21120824227,2.1216745884091175
Ni,ye3t_tagged_127,9100,4.55,1684.4144910803775,-179.48728211095238,6.749557502071676,-172.7377246088807,122321.2286983792,2.15131798004944
Ni,ye3t_tagged_127,9200,4.6000000000000005,1516.9083700575661,-178.8159568959931,6.078349671825995,-172.7376072241671,130410.3436886039,2.151185318869365
Ni,ye3t_tagged_127,9300,4.65,1315.8177845991886,-178.0100547094628,5.272566726556967,-172.73748798290583,138678.7037310594,2.1437809191114865
Ni,ye3t_tagged_127,9400,4.7,1787.4087536279885,-179.90004904771126,7.162262154714916,-172.73778689299635,114352.14860658736,2.155310663547137
Ni,ye3t_tagged_127,9500,4.75,1547.8392009218398,-178.93991197169152,6.2022915059830765,-172.73762046570843,129869.94276382595,2.109858766055444
Ni,ye3t_tagged_127,9600,4.8,1261.6029484527216,-177.79277520202356,5.055324381532217,-172.73745082049135,138427.19931247275,2.044958803526614
Ni,ye3t_tagged_127,9700,4.8500000000000005,1779.337484810255,-179.86755195349986,7.129920060005776,-172.73763189349407,120420.45826874516,2.111041503309681
Ni,ye3t_tagged_127,9800,4.9,1141.2211876755564,-177.31036916342987,4.572946902076454,-172.7374222613534,148110.10318794742,2.041528391230452
Ni,ye3t_tagged_127,9900,4.95,1582.0981114649055,-179.07716100788986,6.339569170057576,-172.73759183783227,128530.99149055863,2.131665461651992
Ni,ye3t_tagged_127,10000,5.0,1729.7201702241023,-179.66882215251502,6.931100280390357,-172.73772187212467,121665.67558929406,2.156558093003757
Si,ye3t_tagged_127,0,0.0,1182.1889013450616,-334.29694039755714,9.627024254730962,-324.6699161428262,18963.304478349182,2.098697813264215
Si,ye3t_tagged_127,100,0.05,1246.1411296210945,-334.8180390401053,10.147812135633048,-324.67022690447226,21407.19871076206,2.074733345324165
Si,ye3t_tagged_127,200,0.1,1171.7575685448037,-334.21211668404635,9.542077852541771,-324.6700388315046,18178.0732637518,2.0471258412790276
Si,ye3t_tagged_127,300,0.15,1124.286423777694,-333.8251417743814,9.155501848019279,-324.6696399263621,20218.34834746414,2.040104181636507
Si,ye3t_tagged_127,400,0.2,1206.722438064024,-334.49722820391275,9.826810391091282,-324.6704178128215,14021.002923478562,2.153091582678267
Si,ye3t_tagged_127,500,0.25,1473.439639227681,-336.66964600250077,11.998792349165017,-324.67085365333577,17464.704875912954,2.1492083398544684
Si,ye3t_tagged_127,600,0.3,1199.847091148132,-334.44109006320025,9.770821765717052,-324.6702682974832,16035.567378646008,2.139112072151667
Si,ye3t_tagged_127,700,0.35000000000000003,1141.9505249619792,-333.9693550448979,9.299347497682929,-324.670007547215,17007.16711989628,2.111603593905657
Si,ye3t_tagged_127,800,0.4,1306.6648804541737,-335.31100301008644,10.640680590576592,-324.67032241950983,17236.664881342207,2.0352439669484346
Si,ye3t_tagged_127,900,0.45,1160.508379293551,-334.1205131053079,9.450471327015562,-324.67004177829233,15658.767734950217,2.1419594149516468
Si,ye3t_tagged_127,1000,0.5,1320.8007863163057,-335.42615129732343,10.75579477278766,-324.67035652453575,17237.462849432257,2.1379552667209847
Si,ye3t_tagged_127,1100,0.55,1266.1211441922571,-334.9808582853141,10.310517169208994,-324.67034111610513,18109.58184169704,2.0712838655107126
Si,ye3t_tagged_127,1200,0.6,1269.6286676119519,-335.0096200268896,10.339080297315695,-324.6705397295739,18724.968048349027,2.126496255369382
Si,ye3t_tagged_127,1300,0.65,1194.8428505647526,-334.40012617564634,9.730070287321434,-324.6700558883249,15138.234457874029,2.0980180054041484
Si,ye3t_tagged_127,1400,0.7000000000000001,1269.7406335925803,-335.0101846921438,10.339992079865834,-324.67019261227796,17862.3460100135,2.142969687629762
Si,ye3t_tagged_127,1500,0.75,1272.2512812223426,-335.03071952270636,10.360437260495855,-324.6702822622105,15752.336759646709,2.139907526179577
Si,ye3t_tagged_127,1600,0.8,1473.0238255252198,-336.66639197219166,11.99540621637821,-324.67098575581343,13873.105563722629,2.1639388658647447
Si,ye3t_tagged_127,1700,0.85,1156.125334516661,-334.0851297711148,9.414778487801218,-324.67035128331355,17716.5819909036,2.1678418948172857
Si,ye3t_tagged_127,1800,0.9,1334.8349357661045,-335.5405224718749,10.870080312936118,-324.6704421589388,20646.920963667828,2.120592332863627
Si,ye3t_tagged_127,1900,0.9500000000000001,1394.172084368886,-336.0241550203197,11.35328580416989,-324.6708692161498,14717.373011758209,2.188261842673312
Si,ye3t_tagged_127,2000,1.0,1346.4502713025265,-335.63524485355134,10.964668510142797,-324.6705763434085,14994.546033895269,2.130568826722103
Si,ye3t_tagged_127,2100,1.05,1231.3635417210671,-334.6976504574017,10.027472486886458,-324.6701779705153,14320.114212654646,2.112895269992339
Si,ye3t_tagged_127,2200,1.1,1339.2647140346685,-335.5765351151898,10.906153721158802,-324.670381394031,17910.36688743661,2.1305920004543335
Si,ye3t_tagged_127,2300,1.1500000000000001,1196.4882597139826,-334.414027453875,9.743469494309904,-324.6705579595651,16039.483759338102,2.11411860868779
Si,ye3t_tagged_127,2400,1.2,1446.1208255840545,-336.44676200118494,11.77632461895842,-324.6704373822265,16628.99306526833,2.1368172227404014
Si,ye3t_tagged_127,2500,1.25,1193.0185929298727,-334.38541542930824,9.715214647518113,-324.67020078179013,12611.052675139328,2.105154093504797
Si,ye3t_tagged_127,2600,1.3,1402.2800627596998,-336.0900902594904,11.419312227304458,-324.670778032186,17247.094966285113,2.126508875245998
Si,ye3t_tagged_127,2700,1.35,1335.6516900774348,-335.54726158467105,10.876731461120968,-324.67053012355007,13572.430420678615,2.1429315394104416
Si,ye3t_tagged_127,2800,1.4000000000000001,1371.3193253138704,-335.8376741351548,11.167186894376503,-324.6704872407783,15910.57013623127,2.1320694925119117
Si,ye3t_tagged_127,2900,1.45,1177.1228147416848,-334.2559845461895,9.585769140128054,-324.67021540606146,15946.496339977171,2.127615858302433
Si,ye3t_tagged_127,3000,1.5,1607.5580229837703,-337.76190425046747,13.090970538248115,-324.6709337122194,16932.210337124467,2.177627409424303
Si,ye3t_tagged_127,3100,1.55,1218.36238839551,-334.5920598161005,9.921599036152646,-324.67046077994786,14128.574595166676,2.14273093233845
Si,ye3t_tagged_127,3200,1.6,1188.9128348845381,-334.35176670859033,9.681779862060797,-324.6699868465295,17346.554579442924,2.064713487411751
Si,ye3t_tagged_127,3300,1.6500000000000001,1264.614892472711,-334.96872878629347,10.298251175321468,-324.670477610972,17688.52296883727,2.1156607303866086
Si,ye3t_tagged_127,3400,1.7,1449.8881668335252,-336.47781609244186,11.807003544757197,-324.67081254768465,15323.856162892387,2.105515170641142
Si,ye3t_tagged_127,3500,1.75,1472.6306625227219,-336.6630568913068,11.992204537055384,-324.6708523542514,12917.404124388324,2.176959151959448
Si,ye3t_tagged_127,3600,1.8,1259.4086867900135,-334.92585997544643,10.255855016530413,-324.670004958916,16310.87361517514,2.172546670269709
Si,ye3t_tagged_127,3700,1.85,1312.6398529828882,-335.3597434124298,10.689337116948849,-324.6704062954809,15680.371973335406,2.0556229851312726
Si,ye3t_tagged_127,3800,1.9000000000000001,1257.5212905647693,-334.9108326096476,10.24048521461632,-324.6703473950313,15841.727853179054,2.1384545399891013
Si,ye3t_tagged_127,3900,1.95,1402.6419454236695,-336.09274834944387,11.422259178658374,-324.6704891707855,17706.820914495773,2.1446008741488476
Si,ye3t_tagged_127,4000,2.0,1275.4792792157687,-335.057216016237,10.386724104283322,-324.6704919119537,15427.339558656513,2.136851977412102
Si,ye3t_tagged_127,4100,2.05,1356.3223662090277,-335.71533570671124,11.045060820544087,-324.67027488616714,18269.418580958452,2.0814488115252803
Si,ye3t_tagged_127,4200,2.1,1313.904909565909,-335.3703745920707,10.699638964982181,-324.6707356270885,14068.787032325607,2.11207958204704
Si,ye3t_tagged_127,4300,2.15,1419.9623969222807,-336.2337444071468,11.563306355205459,-324.67043805194135,15595.393145897504,2.16733279832609
Si,ye3t_tagged_127,4400,2.2,1225.7891295247246,-334.6523254725947,9.98207787917275,-324.670247593422,14575.145099700585,2.1436166577539004
Si,ye3t_tagged_127,4500,2.25,1286.0160899825682,-335.14296611196295,10.47252945459923,-324.6704366573637,16202.459591642615,2.147255454504657
Si,ye3t_tagged_127,4600,2.3000000000000003,1342.8768678200183,-335.6062272077916,10.935568895048368,-324.6706583127432,17835.103347845445,2.1227545011376145
Si,ye3t_tagged_127,4700,2.35,1274.1492161109948,-335.0460128259229,10.375892882847042,-324.67011994307586,17920.839147014707,2.121477878885378
Si,ye3t_tagged_127,4800,2.4,1297.2092866796709,-335.2342925265709,10.563680010968332,-324.6706125156026,14794.83927902548,2.158902739379429
Si,ye3t_tagged_127,4900,2.45,1374.5396320102288,-335.86425085692053,11.193411104938995,-324.67083975198153,14903.966318097977,2.1552652817228792
Si,ye3t_tagged_127,5000,2.5,1081.930278751053,-333.4804865353928,8.810579276808847,-324.669907258584,18034.72796661721,2.101346748012807
Si,ye3t_tagged_127,5100,2.5500000000000003,1277.562508208163,-335.0741783085288,10.403688648625703,-324.6704896599031,18524.360130838446,2.1314959817020154
Si,ye3t_tagged_127,5200,2.6,1565.493962784389,-337.4194522276122,12.748426527446487,-324.6710257001657,14549.940390297514,2.1825819734433805
Si,ye3t_tagged_127,5300,2.65,1405.4381591834053,-336.1159063305484,11.445029835408544,-324.67087649513985,16313.944615832545,2.131238935314387
Si,ye3t_tagged_127,5400,2.7,1138.5494366117232,-333.94155765452956,9.271651111764278,-324.66990654276526,21827.13506697889,2.06670540215581
Si,ye3t_tagged_127,5500,2.75,1221.4845768210757,-334.6173404010929,9.94702423145482,-324.6703161696381,15071.902709757756,2.0476244368167227
Si,ye3t_tagged_127,5600,2.8000000000000003,1233.7208817992364,-334.7171325139848,10.046669224466521,-324.67046328951824,15764.100110912654,2.153228268443687
Si,ye3t_tagged_127,5700,2.85,1357.842221556827,-335.72760975965554,11.057437594070128,-324.6701721655854,19200.988647370443,2.05156978592004
Si,ye3t_tagged_127,5800,2.9,1222.3900500326522,-334.62485616754725,9.954397852168006,-324.6704583153792,19742.231850428063,2.0717779182624754
Si,ye3t_tagged_127,5900,2.95,1195.5657845623239,-334.4064957902164,9.73595742018258,-324.67053837003385,17213.884169710458,2.153894234827003
Si,ye3t_tagged_127,6000,3.0,1438.6671373482907,-336.3864737235463,11.715626335163623,-324.6708473883827,17752.615888708875,2.126443297362993
Si,ye3t_tagged_127,6100,3.0500000000000003,1334.0499223066902,-335.5344077801735,10.863687642859896,-324.67072013731365,15026.550752258874,2.1492402946157516
Si,ye3t_tagged_127,6200,3.1,1339.1791386026246,-335.5762260112683,10.905456847115271,-324.67076916415306,18054.636281744723,2.123232389282907
Si,ye3t_tagged_127,6300,3.15,1265.5911335731544,-334.9767306219497,10.306201086491958,-324.6705295354577,19566.475982642194,2.0894022856788497
Si,ye3t_tagged_127,6400,3.2,1274.0277969290814,-335.04553931460055,10.374904119200268,-324.6706351954003,16874.702988875728,2.1502202586123027
Si,ye3t_tagged_127,6500,3.25,1233.0947342730983,-334.71247407924085,10.04157026150526,-324.67090381773556,17839.141067043925,2.1287314648766764
Si,ye3t_tagged_127,6600,3.3000000000000003,1466.4633059020032,-336.6130013078882,11.941981352158553,-324.67101995572966,20318.593128897104,2.1184539958422506
Si,ye3t_tagged_127,6700,3.35,1218.649321473086,-334.5947483293448,9.923935643859052,-324.6708126854857,15821.921350738061,2.147094992821696
Si,ye3t_tagged_127,6800,3.4,1408.4471061414872,-336.14023412533896,11.469532861374779,-324.6707012639642,20322.079025615825,2.059228164560936
Si,ye3t_tagged_127,6900,3.45,1368.0441706853844,-335.8114202302112,11.140516035759445,-324.67090419445174,17776.979114905873,2.147424854587466
Si,ye3t_tagged_127,7000,3.5,1373.9650819933386,-335.8596807216589,11.188732320573937,-324.67094840108496,15205.598054657556,2.1562683043860753
Si,ye3t_tagged_127,7100,3.5500000000000003,1298.9974345664996,-335.24878469139946,10.578241595041707,-324.67054309635773,20264.127505362077,2.0755856422718386
Si,ye3t_tagged_127,7200,3.6,1357.8366952254592,-335.72820719539794,11.05739259100331,-324.67081460439465,19388.96507547933,2.128661187178458
Si,ye3t_tagged_127,7300,3.65,1208.4117536576737,-334.51151039828704,9.840567145342197,-324.6709432529448,15626.118769936445,2.158633280805241
Si,ye3t_tagged_127,7400,3.7,1248.3195585865117,-334.83609765505827,10.165551930401396,-324.67054572465685,18892.40173521447,2.1136747130530757
Si,ye3t_tagged_127,7500,3.75,1185.757273672269,-334.32627289936016,9.656082899169977,-324.6701900001902,22507.1558278468,2.097967575535905
Si,ye3t_tagged_127,7600,3.8000000000000003,1177.904655418942,-334.26263181405943,9.592135973004531,-324.6704958410549,16551.167883382022,2.12350966117416
Si,ye3t_tagged_127,7700,3.85,1412.767390307954,-336.1758336443128,11.504714616516097,-324.6711190277967,17088.055133375157,2.1642678998913234
Si,ye3t_tagged_127,7800,3.9,1372.009516034004,-335.8437729352847,11.172807385987916,-324.67096554929674,15877.495239101088,2.144440779457432
Si,ye3t_tagged_127,7900,3.95,1310.0776634215292,-335.33933191179415,10.668472210313068,-324.6708597014811,15881.1674606872,2.1307176239239216
Si,ye3t_tagged_127,8000,4.0,1218.7282250338894,-334.5952134649168,9.92457818625881,-324.670635278658,19022.499331653842,2.1420491287760925
Si,ye3t_tagged_127,8100,4.05,1222.594656934185,-334.6265938040518,9.956064045786894,-324.67052975826493,18859.164635531128,2.1196220069861518
Si,ye3t_tagged_127,8200,4.1,1310.0323923683175,-335.3392695795916,10.668103550510214,-324.67116602908135,15585.397998624558,2.15438361702112
Si,ye3t_tagged_127,8300,4.15,1314.2646552970832,-335.3733446400162,10.702568514460788,-324.67077612555545,14696.168464086457,2.122151618432577
Si,ye3t_tagged_127,8400,4.2,1191.845277567407,-334.37624586794584,9.705659883943481,-324.67058598400234,19437.65144222985,2.075860683108085
Si,ye3t_tagged_127,8500,4.25,1278.8479833191118,-335.08491003793824,10.414156772677517,-324.6707532652607,18252.442604489668,2.1019822749252666
Si,ye3t_tagged_127,8600,4.3,1326.1505303545057,-335.47008133235795,10.79935982026337,-324.6707215120946,15702.256108172322,2.146762674074617
Si,ye3t_tagged_127,8700,4.3500000000000005,1284.8270114974337,-335.13348779861946,10.46284632578272,-324.67064147283673,15260.86935333373,2.1603955781522974
Si,ye3t_tagged_127,8800,4.4,1454.9613571164143,-336.5195832259616,11.848316507386663,-324.67126671857494,18439.86080073464,2.143345693181809
Si,ye3t_tagged_127,8900,4.45,1197.3173384212416,-334.42044595074293,9.750221004846656,-324.6702249458963,20121.734783856828,2.1014761104043047
Si,ye3t_tagged_127,9000,4.5,1187.673611812747,-334.3422673242978,9.671688386362131,-324.67057893793566,18762.874546379397,2.09585152432132
Si,ye3t_tagged_127,9100,4.55,1348.117884478025,-335.6490498985889,10.978248533157533,-324.6708013654314,18982.745989335916,2.044561623673887
Si,ye3t_tagged_127,9200,4.6000000000000005,1168.736868759325,-334.18791081523017,9.517479118728609,-324.67043169650157,21620.487906428047,2.113595200159409
Si,ye3t_tagged_127,9300,4.65,1184.2698266262776,-334.31479120698043,9.643970039056763,-324.6708211679237,21107.679699183584,2.1104672251482612
Si,ye3t_tagged_127,9400,4.7,1384.2757749580467,-335.9435920112177,11.272696305637062,-324.6708957055806,17953.53466243502,2.101585428884584
Si,ye3t_tagged_127,9500,4.75,1321.4858305059104,-335.43226383848736,10.761373354198282,-324.6708904842891,18646.58321481746,2.093037426553718
Si,ye3t_tagged_127,9600,4.8,1309.2836255905868,-335.3331117458764,10.662006051267792,-324.6711056946086,20150.131041148732,2.093792438757959
Si,ye3t_tagged_127,9700,4.8500000000000005,1320.6878360246974,-335.42544691139835,10.754874974610182,-324.6705719367882,21400.678285121907,2.1047209442821635
Si,ye3t_tagged_127,9800,4.9,1192.9383389087225,-334.3853280106569,9.714561107794239,-324.6707669028627,18054.48219349309,2.100690795114445
Si,ye3t_tagged_127,9900,4.95,1241.4081453150243,-334.7797598777901,10.10926960265887,-324.67049027513127,19247.93572517796,2.137818021956032
Si,ye3t_tagged_127,10000,5.0,1353.9352157151043,-335.6963139409428,11.025621325148261,-324.6706926157945,17772.908752028303,2.113886487065944
Ge,ye3t_tagged_127,0,0.0,1128.9025330709085,-277.7239037485532,9.193092622283615,-268.53081112626955,26392.179580794094,2.265813270798149
Ge,ye3t_tagged_127,100,0.05,1193.1962720258434,-278.2474786037892,9.716661557537758,-268.53081704625146,28349.84364310577,2.2576565734406997
Ge,ye3t_tagged_127,200,0.1,903.5152544133716,-275.8883839196171,7.357676306096611,-268.5307076135205,28145.793805391415,2.2623119802980307
Ge,ye3t_tagged_127,300,0.15,1115.8696992009397,-277.6176833445785,9.08696118454865,-268.5307221600298,26471.415363764998,2.2356253867318645
Ge,ye3t_tagged_127,400,0.2,1051.88703841744,-277.0965750350873,8.565925479895908,-268.5306495551914,27767.275588667897,2.1957693532393145
Ge,ye3t_tagged_127,500,0.25,1157.923138841516,-277.9601921196569,9.429418708007098,-268.53077341164976,27880.043888463977,2.2026723146898175
Ge,ye3t_tagged_127,600,0.3,1103.657782385916,-277.5182272859138,8.987514793839663,-268.53071249207414,27112.550142895558,2.1904457579508785
Ge,ye3t_tagged_127,700,0.35000000000000003,1022.0092966108883,-276.85330374025955,8.3226194018901,-268.53068433836944,26787.538005504208,2.258783357938516
Ge,ye3t_tagged_127,800,0.4,1126.233081832753,-277.70209200775605,9.171354242074406,-268.53073776568164,28893.55455435396,2.2916885602978425
Ge,ye3t_tagged_127,900,0.45,1189.8669159997396,-278.2203014861873,9.689549315848238,-268.53075217033904,27182.575879265285,2.2556218225136946
Ge,ye3t_tagged_127,1000,0.5,1067.0939266788607,-277.22043902054463,8.689761088541122,-268.5306779320035,28059.429366767272,2.149768947678099
Ge,ye3t_tagged_127,1100,0.55,1058.4791937005568,-277.15037043631196,8.619607965604676,-268.53076247070726,25887.03582489516,2.2058134723724945
Ge,ye3t_tagged_127,1200,0.6,1181.1255606130453,-278.1491172652013,9.618365057367058,-268.53075220783427,26505.41566961006,2.235726532494527
Ge,ye3t_tagged_127,1300,0.65,1142.4073812317915,-277.8337998579399,9.303067856066773,-268.5307320018731,27825.745469061694,2.258073800277572
Ge,ye3t_tagged_127,1400,0.7000000000000001,1059.7802007529158,-277.16088156926753,8.630202572299414,-268.5306789969681,26661.660809689645,2.2416037693133912
Ge,ye3t_tagged_127,1500,0.75,1120.3291176718121,-277.6539927970531,9.123275964472771,-268.5307168325803,27452.27003969338,2.2912142595575813
Ge,ye3t_tagged_127,1600,0.8,1090.893767540781,-277.4142488686333,8.883572454030812,-268.5306764146025,27216.89796485105,2.235218599797783
Ge,ye3t_tagged_127,1700,0.85,1091.7660760301667,-277.4212958879899,8.890676001505643,-268.53061988648426,27829.065170101792,2.2139920541763467
Ge,ye3t_tagged_127,1800,0.9,1082.0259272953108,-277.3420079248551,8.811358180124934,-268.53064974473017,28302.36289187355,2.265486035798941
Ge,ye3t_tagged_127,1900,0.9500000000000001,1167.8059845322773,-278.04068603754376,9.509898566228125,-268.53078747131565,26787.352725781217,2.282035640642296
Ge,ye3t_tagged_127,2000,1.0,1210.8425182207445,-278.39113297012034,9.86036180707485,-268.5307711630455,25140.700249035952,2.2965331099071924
Ge,ye3t_tagged_127,2100,1.05,846.7377987764512,-275.4258186999208,6.895315390749969,-268.53050330917085,28990.468048922918,2.1680611534836833
Ge,ye3t_tagged_127,2200,1.1,1163.1590450855776,-278.0027797887809,9.472056730026868,-268.53072305875406,24349.830490998866,2.2274422439973622
Ge,ye3t_tagged_127,2300,1.1500000000000001,1144.634330174677,-277.85191905169836,9.321202767892467,-268.5307162838059,25691.29613267785,2.217372742639361
Ge,ye3t_tagged_127,2400,1.2,1047.5951316394817,-277.0616097588878,8.53097481287185,-268.53063494601594,27748.76640201897,2.249194533294086
Ge,ye3t_tagged_127,2500,1.25,1070.0233643853576,-277.2442291920994,8.713616639731868,-268.53061255236753,25883.474402220138,2.263654888913061
Ge,ye3t_tagged_127,2600,1.3,1187.7623579772358,-278.20329079556916,9.672411080913802,-268.5308797146554,24184.44846546658,2.245347688538236
Ge,ye3t_tagged_127,2700,1.35,1144.5055927328704,-277.85094813394824,9.320154408807591,-268.53079372514065,24457.031127055136,2.239216515413372
Ge,ye3t_tagged_127,2800,1.4000000000000001,1007.5487287063556,-276.7354767847828,8.204861370330399,-268.5306154144524,27755.803316081165,2.292381853465953
Ge,ye3t_tagged_127,2900,1.45,1225.0923371615456,-278.50716366329914,9.976403627813088,-268.530760035486,25611.144933731,2.283057194837659
Ge,ye3t_tagged_127,3000,1.5,1211.722218582888,-278.39824704395573,9.867525549445984,-268.53072149450975,26423.583948261006,2.178134294046168
Ge,ye3t_tagged_127,3100,1.55,1039.4909852816725,-276.9957384195932,8.464979595473217,-268.53075882411997,28040.196917387286,2.2633474667456603
Ge,ye3t_tagged_127,3200,1.6,1048.7360548661566,-277.07099767770774,8.540265794679824,-268.5307318830279,23731.023325063165,2.2548762586669806
Ge,ye3t_tagged_127,3300,1.6500000000000001,1105.7107672125735,-277.535032664802,9.004233048171384,-268.5307996166306,25532.14167233907,2.253245565023928
Ge,ye3t_tagged_127,3400,1.7,1011.955174816696,-276.7713800994054,8.240744775709308,-268.5306353236961,27260.94836328667,2.2186138120657684
Ge,ye3t_tagged_127,3500,1.75,1240.5129757516395,-278.63266722056994,10.10197988856242,-268.5306873320075,24791.391508963305,2.2430828455498473
Ge,ye3t_tagged_127,3600,1.8,1049.6085794029589,-277.07799438582526,8.547371101512839,-268.5306232843124,27654.238490263473,2.1869174690874824
Ge,ye3t_tagged_127,3700,1.85,1007.8498449628535,-276.73793450754215,8.207313477181936,-268.53062103036024,27275.509306784727,2.2493271991420007
Ge,ye3t_tagged_127,3800,1.9000000000000001,1101.6736464287453,-277.5020839111662,8.971357202643675,-268.53072670852254,24911.108733636465,2.218262563487244
Ge,ye3t_tagged_127,3900,1.95,969.005156905532,-276.4216773703903,7.890986066503479,-268.5306913038868,26940.613428576762,2.25209848579053
Ge,ye3t_tagged_127,4000,2.0,1292.5914821784806,-279.0568777852973,10.526075431965785,-268.53080235333147,23535.885730182894,2.2988455708625257
Ge,ye3t_tagged_127,4100,2.05,1140.8290952679677,-277.82095555044987,9.290215259297048,-268.5307402911528,25753.850854583958,2.262412178503511
Ge,ye3t_tagged_127,4200,2.1,1005.5895773336422,-276.7195239107049,8.188907238328024,-268.5306166723769,27437.64592201741,2.2223303740443274
Ge,ye3t_tagged_127,4300,2.15,1047.2395920371314,-277.0587088956062,8.528079515537009,-268.5306293800692,26256.31109360812,2.214085391487871
Ge,ye3t_tagged_127,4400,2.2,1162.4474144482774,-277.9970168342692,9.466261644826945,-268.53075518944223,26472.245070412006,2.2667814179801287
Ge,ye3t_tagged_127,4500,2.25,1110.7028076100626,-277.5755947524083,9.04488517570578,-268.5307095767025,25944.27567462572,2.259633504209408
Ge,ye3t_tagged_127,4600,2.3000000000000003,1084.8587617506835,-277.3650355745101,8.834427053450069,-268.53060852106006,26922.32406788322,2.229900296201604
Ge,ye3t_tagged_127,4700,2.35,1185.6792626043612,-278.18626395882256,9.655447624687167,-268.5308163341354,25537.64676135341,2.2390836263078695
Ge,ye3t_tagged_127,4800,2.4,1061.209494714253,-277.1725166342885,8.641841869214888,-268.5306747650736,29069.66555798667,2.22709054126679
Ge,ye3t_tagged_127,4900,2.45,1119.6924872500929,-277.64881521322263,9.118091635213533,-268.5307235780091,27297.832076523824,2.28262433832201
Ge,ye3t_tagged_127,5000,2.5,1098.078938572458,-277.4727243021191,8.942084097743287,-268.5306402043758,25387.156122776625,2.200136588987147
Ge,ye3t_tagged_127,5100,2.5500000000000003,1096.4860237351525,-277.4597141810467,8.929112372364193,-268.5306018086825,27738.218274184972,2.245986076826836
Ge,ye3t_tagged_127,5200,2.6,1095.9822608131942,-277.45558523098305,8.925010034858902,-268.5305751961241,25418.729392451984,2.159943921610003
Ge,ye3t_tagged_127,5300,2.65,986.489054875277,-276.5638612248259,8.03336425126775,-268.5304969735582,28934.390943708393,2.2444105060794914
Ge,ye3t_tagged_127,5400,2.7,1138.2759221931994,-277.8001383773794,9.269423777420206,-268.5307145999592,25457.601451546343,2.230782372621767
Ge,ye3t_tagged_127,5500,2.75,1212.99413981795,-278.40854126685576,9.877883299012165,-268.5306579678436,26085.87317493459,2.2693254256055915
Ge,ye3t_tagged_127,5600,2.8000000000000003,1063.052162232847,-277.1874285114375,8.656847427865223,-268.53058108357226,27222.696926860892,2.202621291348107
Ge,ye3t_tagged_127,5700,2.85,1132.4823551952227,-277.7529650016626,9.222244506875986,-268.5307204947866,25474.3047866105,2.2871240107392525
Ge,ye3t_tagged_127,5800,2.9,1095.4290958642628,-277.45127578929475,8.920505397423911,-268.5307703918708,25731.01415079462,2.2557175111258947
Ge,ye3t_tagged_127,5900,2.95,990.6307349776707,-276.59764626336016,8.067091564014229,-268.53055469934594,28540.950531472572,2.2410693021189685
Ge,ye3t_tagged_127,6000,3.0,1092.7928122511935,-277.42955139246294,8.899037114092463,-268.5305142783705,28119.120394272963,2.1924327237568764
Ge,ye3t_tagged_127,6100,3.0500000000000003,1100.664714823608,-277.4937623748938,8.963141079972441,-268.53062129492133,25545.454920015804,2.2382071090272233
Ge,ye3t_tagged_127,6200,3.1,1236.9655323646489,-278.6038366428163,10.073091676627772,-268.53074496618854,24946.510812709246,2.2671250235706015
Ge,ye3t_tagged_127,6300,3.15,961.1277040273358,-276.3573783953252,7.826836902323702,-268.5305414930015,30062.077853559684,2.1918826577624997
Ge,ye3t_tagged_127,6400,3.2,1084.569495647456,-277.36268748834686,8.832071447007923,-268.53061604133893,27382.55353549932,2.230614800708763
Ge,ye3t_tagged_127,6500,3.25,1055.295638032646,-277.12432430834065,8.593683032967942,-268.5306412753727,26726.422764980165,2.2823626038384006
Ge,ye3t_tagged_127,6600,3.3000000000000003,1124.7406460418972,-277.6899100460638,9.159200756670467,-268.5307092893933,27631.427555168753,2.234404004382376
Ge,ye3t_tagged_127,6700,3.35,1291.7545715762053,-279.0499910942036,10.51926014326025,-268.5307309509434,24780.094804921417,2.2343709412220725
Ge,ye3t_tagged_127,6800,3.4,990.2308436267344,-276.594411546183,8.063835093131834,-268.53057645305114,29310.16498168954,2.142035069079159
Ge,ye3t_tagged_127,6900,3.45,1039.0933762545453,-276.9923290894494,8.461741710441732,-268.53058737900767,26610.1547832158,2.220099721315239
Ge,ye3t_tagged_127,7000,3.5,1083.3652454563776,-277.3527742747531,8.822264769086074,-268.530509505667,29382.700883615045,2.2427959829195347
Ge,ye3t_tagged_127,7100,3.5500000000000003,1060.5273046456766,-277.16680137716764,8.636286530022439,-268.5305148471452,29167.330149400776,2.24655586224781
Ge,ye3t_tagged_127,7200,3.6,1082.003985561241,-277.34174373197004,8.811179500046107,-268.53056423192396,26422.39665349639,2.235243080069817
Ge,ye3t_tagged_127,7300,3.65,1097.5105713313633,-277.4680314144824,8.937455662127466,-268.53057575235493,24796.303165972702,2.2515988908329123
Ge,ye3t_tagged_127,7400,3.7,1199.5614986169069,-278.29907873496063,9.768496074601236,-268.5305826603594,25735.97052808479,2.194633884478229
Ge,ye3t_tagged_127,7500,3.75,1000.2977369015955,-276.67630291156127,8.14581372244954,-268.53048918911173,27350.74337953998,2.22202491567939
Ge,ye3t_tagged_127,7600,3.8000000000000003,978.1805720343351,-276.4962099088664,7.965705042372489,-268.5305048664939,28047.932590607983,2.2620562508920954
Ge,ye3t_tagged_127,7700,3.85,1205.3710905345881,-278.3464649894994,9.815805842302467,-268.53065914719696,25806.54328423132,2.1558473964081974
Ge,ye3t_tagged_127,7800,3.9,1092.406333189444,-277.4264044819914,8.895889864700107,-268.5305146172913,28582.087608808346,2.2108302643350983
Ge,ye3t_tagged_127,7900,3.95,1075.0528941581904,-277.28513929644885,8.754574057838113,-268.53056523861073,25456.223778819305,2.227651538863294
Ge,ye3t_tagged_127,8000,4.0,1094.094863392839,-277.44031071808286,8.909640223212554,-268.5306704948703,25699.764059830162,2.2895054053441326
Ge,ye3t_tagged_127,8100,4.05,1215.59166339172,-278.42966423844916,9.89903594426071,-268.53062829418843,25307.10367349279,2.283280363731095
Ge,ye3t_tagged_127,8200,4.1,1117.2903271203497,-277.62907901594497,9.098529910512452,-268.5305491054325,26154.164539283476,2.2628682850090938
Ge,ye3t_tagged_127,8300,4.15,965.571290129531,-276.39360168233077,7.863022753108756,-268.53057892922203,26258.718298675176,2.25673359219348
Ge,ye3t_tagged_127,8400,4.2,1138.5083671531506,-277.8019145299852,9.271316667181557,-268.53059786280363,23932.740558557107,2.230675804347194
Ge,ye3t_tagged_127,8500,4.25,1076.0672699469212,-277.29329085110317,8.76283451461487,-268.53045633648827,26825.128207615475,2.1948040343502204
Ge,ye3t_tagged_127,8600,4.3,1139.3852862509639,-277.80903562225933,9.278457760634964,-268.53057786162435,25849.642721127384,2.295687114329826
Ge,ye3t_tagged_127,8700,4.3500000000000005,1002.3621299412669,-276.6931773109957,8.162624878299171,-268.5305524326965,24746.519599456646,2.256220592318047
Ge,ye3t_tagged_127,8800,4.4,1064.2231162100122,-277.19687710278754,8.666382961760457,-268.5304941410271,26109.74806042736,2.2259930955418525
Ge,ye3t_tagged_127,8900,4.45,1137.310610855459,-277.7921583583253,9.261562871560557,-268.53059548676475,24815.319795818166,2.2777600139171823
Ge,ye3t_tagged_127,9000,4.5,1113.3865410055903,-277.5972490295628,9.066739861080157,-268.53050916848264,26580.600790678134,2.294814207686539
Ge,ye3t_tagged_127,9100,4.55,1081.7637694676741,-277.33974472427826,8.809223326919701,-268.53052139735854,25525.09010295428,2.171553437933315
Ge,ye3t_tagged_127,9200,4.6000000000000005,1116.7476795871528,-277.62464398610973,9.09411092048648,-268.5305330656233,25911.501617696817,2.1687683370521627
Ge,ye3t_tagged_127,9300,4.65,1046.0794056588345,-277.04917129350235,8.51863166638941,-268.53053962711294,26149.334997831098,2.2372077291177055
Ge,ye3t_tagged_127,9400,4.7,1163.0366003242907,-278.0016534176485,9.471059614688166,-268.53059380296037,23909.7716242898,2.1983224363136555
Ge,ye3t_tagged_127,9500,4.75,1094.6179722641225,-277.4444393036599,8.913900102311386,-268.5305392013485,26142.15443404943,2.28107612264766
Ge,ye3t_tagged_127,9600,4.8,1087.2846664383794,-277.3846528123413,8.854182139326397,-268.5304706730149,26261.929587154238,2.246313957152917
Ge,ye3t_tagged_127,9700,4.8500000000000005,1231.0214537052932,-278.5552692577944,10.02468673105559,-268.53058252673884,25941.813472988593,2.1960321095821893
Ge,ye3t_tagged_127,9800,4.9,1138.6761105439432,-277.8033341365574,9.272682666887606,-268.5306514696698,26434.072421911707,2.282177972573568
Ge,ye3t_tagged_127,9900,4.95,1151.0296861137597,-277.9038411857075,9.373282639961252,-268.53055854574626,25866.042530971106,2.2131619404146647
Ge,ye3t_tagged_127,10000,5.0,965.710633675037,-276.3946215235019,7.864157481823261,-268.5304640416786,28584.654585083535,2.261354264705113
